gene_num,start,end,gene,locus_tag,old_locus_tag
1,197,1558,dnaA,SP_RS00005,SP_0001
2,1717,2853,dnaN,SP_RS00010,SP_0002
3,2918,3112,SP_RS00015,SP_RS00015,SP_0003
4,3196,4311,ychF,SP_RS00020,SP_0004
5,4382,4951,SP_RS00025,SP_RS00025,SP_0005
6,4952,8461,mfd,SP_RS00030,SP_0006
7,8519,8785,SP_RS00035,SP_RS00035,SP_0007
8,8778,9146,SP_RS00040,SP_RS00040,SP_0008
9,9266,10534,SP_RS00050,SP_RS00050,SP_0010
10,10531,11808,tilS,SP_RS00055,SP_0011
11,11812,12354,hpt,SP_RS00060,SP_0012
12,12370,14328,ftsH,SP_RS00065,SP_0013
13,14450,14929,SP_RS00070,SP_RS00070,SP_0014
14,15023,15094,SP_RS00075,SP_RS00075,SP_2242
15,15348,16893,SP_RS00080,SP_RS00080,SP_rrnaA16S
16,16945,17017,SP_RS00085,SP_RS00085,SP_2243
17,17142,20043,SP_RS00090,SP_RS00090,SP_rrnaA23S
18,20120,20235,rrf,SP_RS00095,SP_rrnaA5S
19,20241,20314,SP_RS00100,SP_RS00100,SP_2244
20,22365,22601,SP_RS00130,SP_RS00130,SP_0018
21,22832,24118,SP_RS00135,SP_RS00135,SP_0019
22,24319,24786,tadA,SP_RS00140,SP_0020
23,24819,24916,ffs,SP_RS11525,NA
24,24973,25416,SP_RS00145,SP_RS00145,SP_0021
25,25418,25933,SP_RS00150,SP_RS00150,SP_0022
26,25947,27308,radA,SP_RS00155,SP_0023
27,27381,27878,SP_RS00160,SP_RS00160,SP_0024
28,27903,28112,SP_RS00165,SP_RS00165,SP_0025
29,28094,28717,SP_RS00170,SP_RS00170,SP_0026
30,28862,29830,SP_RS00175,SP_RS00175,SP_0027
31,31535,34168,polA,SP_RS00195,SP_0032
32,34253,34690,SP_RS00200,SP_RS00200,SP_0033
33,35009,36019,SP_RS00210,SP_RS00210,SP_0034
34,36168,37337,SP_RS00215,SP_RS00215,SP_0035
35,37334,38104,recO,SP_RS00220,SP_0036
36,38101,39093,plsX,SP_RS00225,SP_0037
37,39099,39332,SP_RS00230,SP_RS00230,SP_0038
38,39871,40101,blpU,SP_RS00240,SP_0041
39,40816,42969,SP_RS00255,SP_RS00255,SP_0042
40,42982,44331,SP_RS00260,SP_RS00260,SP_0043
41,44501,45208,SP_RS00265,SP_RS00265,SP_0044
42,45210,45353,SP_RS11535,SP_RS11535,NA
43,45410,49135,SP_RS00270,SP_RS00270,SP_0045
44,49228,50670,SP_RS00275,SP_RS00275,SP_0046
45,50889,51911,SP_RS00280,SP_RS00280,SP_0047
46,51908,52453,purN,SP_RS00285,SP_0048
47,52537,53046,SP_RS00290,SP_RS00290,SP_0049
48,53071,54618,purH,SP_RS00295,SP_0050
49,54740,56002,purD,SP_RS00300,SP_0051
50,56405,56893,purE,SP_RS00305,SP_0053
51,56880,57971,purK,SP_RS00310,SP_0054
52,57981,58208,SP_RS00315,SP_RS00315,SP_0055
53,58271,59569,purB,SP_RS00320,SP_0056
54,59624,63562,strH,SP_RS00325,SP_0057
55,63890,64606,SP_RS00330,SP_RS00330,SP_0058
56,64955,66742,SP_RS00335,SP_RS00335,SP_0060
57,66739,67215,SP_RS00340,SP_RS00340,SP_0061
58,67243,68148,SP_RS00345,SP_RS00345,SP_0062
59,68135,68950,SP_RS00350,SP_RS00350,SP_0063
60,68957,69361,SP_RS00355,SP_RS00355,SP_0064
61,69660,70826,SP_RS00360,SP_RS00360,SP_0065
62,70942,71979,SP_RS00365,SP_RS00365,SP_0066
63,73761,79331,zmpC,SP_RS00380,SP_0071
64,79687,80541,SP_RS00385,SP_RS00385,SP_0073
65,80647,81204,SP_RS00390,SP_RS00390,SP_0074
66,81421,82185,SP_RS00395,SP_RS00395,SP_0075
67,82798,84177,SP_RS00405,SP_RS00405,SP_0078
68,84191,84856,SP_RS00410,SP_RS00410,SP_0079
69,85166,85705,SP_RS00415,SP_RS00415,NA
70,85772,86182,SP_RS00420,SP_RS00420,NA
71,86298,88871,SP_RS00425,SP_RS00425,SP_0082
72,89038,89736,SP_RS00430,SP_RS00430,SP_0083
73,89733,90785,SP_RS00435,SP_RS00435,SP_0084
74,90980,91591,rpsD,SP_RS00440,SP_0085
75,92245,92505,SP_RS00450,SP_RS00450,SP_0088
76,92459,92680,SP_RS00455,SP_RS00455,NA
77,92999,93928,SP_RS00460,SP_RS00460,SP_0090
78,93942,94865,SP_RS00465,SP_RS00465,SP_0091
79,94939,95079,SP_RS00470,SP_RS00470,NA
80,95123,96598,SP_RS00475,SP_RS00475,SP_0092
81,96870,97856,SP_RS00480,SP_RS00480,SP_0095
82,98131,98991,SP_RS00485,SP_RS00485,SP_0096
83,99169,100233,SP_RS00490,SP_RS00490,SP_0097
84,100296,101207,SP_RS00495,SP_RS00495,SP_0098
85,101200,101793,SP_RS00500,SP_RS00500,SP_0099
86,101780,102106,SP_RS00505,SP_RS00505,SP_0100
87,102245,103411,SP_RS00510,SP_RS00510,SP_0101
88,103469,104626,SP_RS00515,SP_RS00515,SP_0102
89,104668,106518,SP_RS00520,SP_RS00520,SP_0103
90,106604,106906,SP_RS00525,SP_RS00525,NA
91,106956,107588,SP_RS00530,SP_RS00530,SP_0104
92,107610,108482,sdaAA,SP_RS00535,SP_0105
93,108491,109162,sdaAB,SP_RS00540,SP_0106
94,109404,109991,SP_RS00545,SP_RS00545,SP_0107
95,110043,110363,SP_RS00550,SP_RS00550,SP_0108
96,110794,111081,SP_RS00555,SP_RS00555,SP_0109
97,111133,113241,SP_RS00560,SP_RS00560,SP_0110
98,113238,113879,SP_RS00565,SP_RS00565,SP_0111
99,114086,114892,SP_RS00570,SP_RS00570,SP_0112
100,114858,115328,SP_RS00575,SP_RS00575,SP_0113
101,115515,115835,SP_RS00580,SP_RS00580,SP_0114
102,116593,116973,SP_RS00585,SP_RS00585,SP_0115
103,117631,117870,SP_RS00590,SP_RS00590,SP_0116
104,117889,118134,SP_RS12590,SP_RS12590,NA
105,118423,120657,pspA,SP_RS00595,SP_0117
106,121058,122179,mnmA,SP_RS00600,SP_0118
107,122320,122775,SP_RS00605,SP_RS00605,SP_0119
108,122785,124698,mnmG,SP_RS00610,SP_0120
109,125051,126730,SP_RS00620,SP_RS00620,SP_0121
110,126732,126965,SP_RS00625,SP_RS00625,SP_0122
111,127245,127460,SP_RS00630,SP_RS00630,NA
112,127783,127935,cibB,SP_RS00635,SP_0124
113,127937,128122,cibA,SP_RS00640,SP_0125
114,128300,128983,tsaB,SP_RS00645,SP_0127
115,128980,129417,rimI,SP_RS00650,SP_0128
116,129407,130417,tsaD,SP_RS00655,SP_0129
117,134231,135106,SP_RS00695,SP_RS00695,SP_0136
118,135193,136809,SP_RS00700,SP_RS00700,SP_0137
119,137070,137498,SP_RS00710,SP_RS00710,SP_0138
120,137510,138259,SP_RS00715,SP_RS00715,SP_0139
121,139839,140702,SP_RS00725,SP_RS00725,SP_0141
122,140988,141221,SP_RS00730,SP_RS00730,SP_0142
123,141243,141920,SP_RS00735,SP_RS00735,SP_0143
124,141932,142597,SP_RS00740,SP_RS00740,SP_0144
125,142669,143895,SP_RS00745,SP_RS00745,SP_0145
126,144440,145096,SP_RS00755,SP_RS00755,SP_0146
127,145086,145295,SP_RS00760,SP_RS00760,SP_0147
128,145513,146343,SP_RS00765,SP_RS00765,SP_0148
129,146497,147351,SP_RS00770,SP_RS00770,SP_0149
130,147451,148824,SP_RS00775,SP_RS00775,SP_0150
131,148817,149878,SP_RS00780,SP_RS00780,SP_0151
132,149880,150572,SP_RS00785,SP_RS00785,SP_0152
133,150602,151171,SP_RS00790,SP_RS00790,SP_0153
134,151306,151920,SP_RS00795,SP_RS00795,SP_0154
135,151922,153568,SP_RS00800,SP_RS00800,SP_0155
136,153580,154866,SP_RS00805,SP_RS00805,SP_0156
137,154918,155451,SP_RS00810,SP_RS00810,SP_0157
138,155529,155999,nrdI,SP_RS00815,SP_0158
139,156292,157554,SP_RS00820,SP_RS00820,SP_0159
140,157864,158322,SP_RS00825,SP_RS00825,SP_0160
141,158319,158759,SP_RS00830,SP_RS00830,SP_0161
142,159192,160058,SP_RS00835,SP_RS00835,SP_0163
143,160384,160941,SP_RS00840,SP_RS00840,SP_0165
144,161162,162268,SP_RS00845,SP_RS00845,SP_0166
145,162244,163635,SP_RS00850,SP_RS00850,SP_0167
146,163632,164810,SP_RS00855,SP_RS00855,SP_0168
147,165235,165468,SP_RS00860,SP_RS00860,SP_0171
148,165751,167700,mutL,SP_RS00865,SP_0173
149,168025,168492,SP_RS00870,SP_RS00870,SP_0175
150,168493,169698,SP_RS00875,SP_RS00875,SP_0176
151,169718,170353,ribE,SP_RS00880,SP_0177
152,170338,171438,ribD,SP_RS00885,SP_0178
153,171843,172436,ruvA,SP_RS00890,SP_0179
154,172446,173009,SP_RS00895,SP_RS00895,SP_0180
155,173006,173683,SP_RS00900,SP_RS00900,SP_0181
156,173820,174851,SP_RS00905,SP_RS00905,SP_0182
157,175106,175789,SP_RS00910,SP_RS00910,SP_0184
158,175801,176745,SP_RS00915,SP_RS00915,SP_0185
159,176877,179708,uvrA,SP_RS00920,SP_0186
160,179701,180762,SP_RS00925,SP_RS00925,SP_0187
161,180894,181292,spx,SP_RS00930,SP_0189
162,181358,181927,SP_RS00935,SP_RS00935,SP_0191
163,182014,182280,SP_RS00940,SP_RS00940,SP_0192
164,182284,182703,ruvX,SP_RS00945,SP_0193
165,182719,183024,SP_RS00950,SP_RS00950,SP_0194
166,183283,184533,SP_RS00955,SP_RS00955,SP_0197
167,184530,185075,SP_RS00960,SP_RS00960,SP_0198
168,185221,186753,cls,SP_RS00965,SP_0199
169,186831,186974,SP_RS12970,SP_RS12970,NA
170,188670,190877,nrdD,SP_RS00980,SP_0202
171,190889,191029,SP_RS12975,SP_RS12975,SP_0203
172,191073,191579,SP_RS00990,SP_RS00990,SP_0204
173,191572,192162,nrdG,SP_RS00995,SP_0205
174,193042,193350,rpsJ,SP_RS01005,SP_0208
175,193567,194193,rplC,SP_RS01010,SP_0209
176,194218,194841,rplD,SP_RS01015,SP_0210
177,194841,195137,SP_RS01020,SP_RS01020,SP_0211
178,195155,195988,rplB,SP_RS01025,SP_0212
179,196092,196373,rpsS,SP_RS01030,SP_0213
180,196385,196729,rplV,SP_RS01035,SP_0214
181,196742,197395,rpsC,SP_RS01040,SP_0215
182,197399,197812,rplP,SP_RS01045,SP_0216
183,197822,198028,SP_RS01050,SP_RS01050,SP_0217
184,198053,198313,rpsQ,SP_RS01055,SP_0218
185,198339,198707,rplN,SP_RS01060,SP_0219
186,198785,199090,rplX,SP_RS01065,SP_0220
187,199114,199656,rplE,SP_RS01070,SP_0221
188,199674,199943,rpsN,SP_RS01075,SP_0222
189,200228,200626,rpsH,SP_RS01080,SP_0224
190,200818,201354,rplF,SP_RS01085,SP_0225
191,201438,201794,rplR,SP_RS01090,SP_0226
192,201812,202306,rpsE,SP_RS01095,SP_0227
193,202320,202502,rpmD,SP_RS01100,SP_0228
194,202647,203087,rplO,SP_RS01105,SP_0229
195,203100,204410,secY,SP_RS01110,SP_0230
196,204561,205199,SP_RS01115,SP_RS01115,SP_0231
197,205316,205534,infA,SP_RS01120,SP_0232
198,205559,205675,rpmJ,SP_RS01125,SP_0233
199,205693,206058,rpsM,SP_RS01130,SP_0234
200,206076,206459,rpsK,SP_RS01135,SP_0235
201,206502,207437,SP_RS01140,SP_RS01140,SP_0236
202,207449,207835,rplQ,SP_RS01145,SP_0237
203,208100,208366,SP_RS01150,SP_RS01150,SP_0238
204,208376,209713,SP_RS01155,SP_RS01155,SP_0239
205,209957,210649,SP_RS01160,SP_RS01160,SP_0240
206,212387,213478,SP_RS01180,SP_RS01180,SP_0242
207,213491,214507,SP_RS01185,SP_RS01185,SP_0243
208,215094,215870,SP_RS01190,SP_RS01190,SP_0245
209,215992,216738,SP_RS01195,SP_RS01195,SP_0246
210,216751,217731,SP_RS01200,SP_RS01200,SP_0247
211,217926,218246,SP_RS01205,SP_RS01205,SP_0248
212,218292,218600,SP_RS01210,SP_RS01210,SP_0249
213,218617,219915,SP_RS01215,SP_RS01215,SP_0250
214,220066,222504,SP_RS01220,SP_RS01220,SP_0251
215,222523,223191,SP_RS01225,SP_RS01225,SP_0252
216,223209,224297,SP_RS01230,SP_RS01230,SP_0253
217,224752,227253,SP_RS01235,SP_RS01235,SP_0254
218,227448,228143,SP_RS01240,SP_RS01240,SP_0255
219,228155,228571,SP_RS01245,SP_RS01245,SP_0256
220,231373,231465,SP_RS01265,SP_RS01265,SP_0258
221,231627,232598,ruvB,SP_RS01270,SP_0259
222,232579,233151,SP_RS01275,SP_RS01275,SP_0260
223,233382,234140,SP_RS01280,SP_RS01280,SP_0261
224,234149,234952,SP_RS01285,SP_RS01285,SP_0262
225,234974,236233,rseP,SP_RS01290,SP_0263
226,236246,238099,SP_RS01295,SP_RS01295,SP_0264
227,238198,239577,bglA,SP_RS01300,SP_0265
228,239770,241578,glmS,SP_RS01305,SP_0266
229,241697,242746,SP_RS01310,SP_RS01310,SP_0267
230,242846,246688,spuA,SP_RS01315,SP_0268
231,247105,247518,rpsL,SP_RS01320,SP_0271
232,247538,248008,rpsG,SP_RS01325,SP_0272
233,248433,250514,fusA,SP_RS01330,SP_0273
234,250618,255009,SP_RS01335,SP_RS01335,SP_0274
235,255111,255374,SP_RS01340,SP_RS01340,SP_0275
236,255367,255645,SP_RS01345,SP_RS01345,SP_0276
237,255666,255818,SP_RS12980,SP_RS12980,SP_0277
238,255840,257081,SP_RS01355,SP_RS01355,SP_0278
239,257091,257321,SP_RS01360,SP_RS01360,SP_0279
240,257589,258311,SP_RS01370,SP_RS01370,SP_0280
241,258529,259863,pepC,SP_RS01380,SP_0281
242,259919,260830,SP_RS01385,SP_RS01385,SP_0282
243,260854,261657,SP_RS01390,SP_RS01390,SP_0283
244,261685,262674,SP_RS01395,SP_RS01395,SP_0284
245,262907,263926,adhP,SP_RS01400,SP_0285
246,264266,265078,SP_RS01405,SP_RS01405,SP_0286
247,265268,266686,SP_RS01410,SP_RS01410,SP_0287
248,266739,267446,SP_RS01415,SP_RS01415,SP_0288
249,267541,268515,folP,SP_RS01420,SP_0289
250,268517,269839,SP_RS01425,SP_RS01425,SP_0290
251,269820,270374,folE,SP_RS01430,SP_0291
252,270417,271229,folK,SP_RS01435,SP_0292
253,271379,271696,SP_RS01440,SP_RS01440,SP_0293
254,272052,272498,rplM,SP_RS01445,SP_0294
255,272517,272909,rpsI,SP_RS01450,SP_0295
256,273953,275161,SP_RS01455,SP_RS01455,SP_0298
257,276310,276648,SP_RS01475,SP_RS01475,SP_0302
258,276838,278274,SP_RS01480,SP_RS01480,SP_0303
259,278326,278565,SP_RS01485,SP_RS01485,SP_0304
260,278695,279009,SP_RS01490,SP_RS01490,SP_0305
261,281116,281430,SP_RS01500,SP_RS01500,SP_0308
262,281461,281967,SP_RS01505,SP_RS01505,SP_0309
263,282047,283393,celB,SP_RS01510,SP_0310
264,283772,283948,SP_RS12985,SP_RS12985,SP_0311
265,284349,286562,SP_RS01520,SP_RS01520,SP_0312
266,286784,287260,SP_RS01525,SP_RS01525,SP_0313
267,287483,290683,SP_RS01530,SP_RS01530,SP_0314
268,291831,292460,SP_RS01540,SP_RS01540,SP_0317
269,292470,293471,SP_RS01545,SP_RS01545,SP_0318
270,293502,294143,SP_RS01550,SP_RS01550,SP_0319
271,294162,294977,SP_RS01555,SP_RS01555,SP_0320
272,295248,295682,SP_RS01560,SP_RS01560,SP_0321
273,295694,296884,SP_RS01565,SP_RS01565,SP_0322
274,296895,297386,SP_RS01570,SP_RS01570,SP_0323
275,297401,298180,SP_RS01575,SP_RS01575,SP_0324
276,298167,298985,SP_RS01580,SP_RS01580,SP_0325
277,298985,299278,SP_RS01585,SP_RS01585,SP_0326
278,301056,302402,SP_RS01595,SP_RS01595,SP_0328
279,302969,303970,SP_RS01605,SP_RS01605,SP_0330
280,304080,304415,SP_RS01610,SP_RS01610,SP_2241
281,304426,304668,SP_RS01615,SP_RS01615,SP_0331
282,304679,305221,SP_RS01620,SP_RS01620,SP_0332
283,305237,305431,SP_RS01625,SP_RS01625,SP_0333
284,305597,306547,rsmH,SP_RS01630,SP_0334
285,306559,306876,ftsL,SP_RS01635,SP_0335
286,306880,309132,pbp2X,SP_RS01640,SP_0336
287,309134,310114,SP_RS01645,SP_RS01645,SP_0337
288,310254,310442,SP_RS11680,SP_RS11680,NA
289,310723,312828,SP_RS01650,SP_RS01650,SP_0338
290,313124,313606,SP_RS01655,SP_RS01655,SP_0340
291,313701,315185,SP_RS01660,SP_RS01660,SP_0341
292,315338,316945,SP_RS01665,SP_RS01665,SP_0342
293,317355,318701,SP_RS01675,SP_RS01675,SP_0343
294,318857,318985,SP_RS11685,SP_RS11685,NA
295,320077,321522,cps4A,SP_RS01690,SP_0346
296,321524,322255,cps4B,SP_RS01695,SP_0347
297,322264,322956,cpsC,SP_RS01700,SP_0348
298,322966,323649,cps4D,SP_RS01705,SP_0349
299,323990,324625,cps4E,SP_RS01710,SP_0350
300,324634,325863,cps4F,SP_RS01715,SP_0351
301,325868,326944,cps4G,SP_RS01720,SP_0352
302,326937,328055,cps4H,SP_RS01725,SP_0353
303,328056,329456,wzy,SP_RS01730,SP_0354
304,329471,330538,SP_RS01735,SP_RS01735,SP_0355
305,330528,331769,SP_RS01740,SP_RS01740,SP_0356
306,331774,332871,cps4I,SP_RS01745,SP_0357
307,332875,333930,cps4J,SP_RS01750,SP_0358
308,334030,335259,cps4K,SP_RS01755,SP_0359
309,335260,336444,cps4L,SP_RS01760,SP_0360
310,337687,337914,SP_RS01770,SP_RS01770,NA
311,338405,338728,tnpB,SP_RS01780,SP_0364
312,338709,338894,SP_RS01785,SP_RS01785,SP_0365
313,339099,341081,SP_RS01790,SP_RS01790,SP_0366
314,341383,346686,SP_RS01795,SP_RS01795,SP_0368
315,346853,349012,pbp1a,SP_RS01800,SP_0369
316,349009,349605,recU,SP_RS01805,SP_0370
317,349671,350198,SP_RS01810,SP_RS01810,SP_0371
318,350268,350597,gpsB,SP_RS01815,SP_0372
319,350618,350998,rnpB,SP_RS11705,NA
320,351083,352240,SP_RS01825,SP_RS01825,SP_0373
321,352253,353647,mapZ,SP_RS01830,SP_0374
322,353723,355147,gndA,SP_RS01835,SP_0375
323,355159,355848,SP_RS01840,SP_RS01840,SP_0376
324,355947,356969,cbpC,SP_RS01845,SP_0377
325,356987,357985,cbpJ,SP_RS01850,SP_0378
326,358103,359335,SP_RS01855,SP_RS01855,SP_0379
327,359378,360340,SP_RS01860,SP_RS01860,SP_0380
328,360865,361143,SP_RS13095,SP_RS13095,NA
329,361318,362196,mvk,SP_RS01870,SP_0381
330,362178,363131,mvaD,SP_RS01875,SP_0382
331,363118,364125,SP_RS01880,SP_RS01880,SP_0383
332,364109,365119,fni,SP_RS01885,SP_0384
333,365196,365894,SP_RS01890,SP_RS01890,SP_0385
334,365891,366886,SP_RS01895,SP_RS01895,SP_0386
335,366900,367532,SP_RS01900,SP_RS01900,SP_0387
336,367771,368010,SP_RS01910,SP_RS01910,NA
337,368451,368690,SP_RS01920,SP_RS01920,SP_0389
338,368771,369592,cbpG,SP_RS01925,SP_0390
339,369611,370633,cbpF,SP_RS01930,SP_0391
340,372310,374079,SP_RS01955,SP_RS01955,SP_0394
341,374103,376058,SP_RS01960,SP_RS01960,SP_0395
342,376060,376497,SP_RS01965,SP_RS01965,SP_0396
343,376559,377695,SP_RS01970,SP_RS01970,SP_0397
344,378481,379764,SP_RS01985,SP_RS01985,SP_0400
345,379812,382178,SP_RS01990,SP_RS01990,SP_0401
346,382457,383071,lepB,SP_RS01995,SP_0402
347,383075,383956,SP_RS02000,SP_RS02000,SP_0403
348,384043,384345,zapA,SP_RS02005,SP_0404
349,384342,384890,SP_RS02010,SP_RS02010,SP_0405
350,384994,387330,SP_RS02015,SP_RS02015,SP_0406
351,387673,388995,SP_RS02020,SP_RS02020,SP_0408
352,389213,389761,SP_RS02025,SP_RS02025,SP_0409
353,389871,390770,SP_RS02030,SP_RS02030,SP_0410
354,390795,392069,serS,SP_RS02035,SP_0411
355,392282,392653,SP_RS02040,SP_RS02040,SP_0412
356,392656,394020,SP_RS02045,SP_RS02045,SP_0413
357,394345,395130,SP_RS02050,SP_RS02050,SP_0415
358,395224,395658,SP_RS02055,SP_RS02055,SP_0416
359,395658,396632,SP_RS02060,SP_RS02060,SP_0417
360,396692,396916,SP_RS02065,SP_RS02065,SP_0418
361,397035,398009,fabK,SP_RS02070,SP_0419
362,398002,398922,fabD,SP_RS02075,SP_0420
363,398956,399687,fabG,SP_RS02080,SP_0421
364,399709,400944,fabF,SP_RS02085,SP_0422
365,400947,401432,SP_RS02090,SP_RS02090,SP_0423
366,401429,401851,fabZ,SP_RS02095,SP_0424
367,401863,403230,accC,SP_RS02100,SP_0425
368,403267,404133,SP_RS02105,SP_RS02105,SP_0426
369,404130,404897,SP_RS02110,SP_RS02110,SP_0427
370,405056,405241,briC,SP_RS02115,SP_0429
371,405259,405732,SP_RS02120,SP_RS02120,SP_0430
372,405745,405981,SP_RS11730,SP_RS11730,SP_0431
373,407504,407926,nusB,SP_RS02135,SP_0433
374,407919,408308,SP_RS02140,SP_RS02140,SP_0434
375,408330,408890,efp,SP_RS02145,SP_0435
376,409019,410461,gatB,SP_RS02150,SP_0436
377,410461,411927,gatA,SP_RS02155,SP_0437
378,411927,412229,gatC,SP_RS02160,SP_0438
379,412442,413986,SP_RS02165,SP_RS02165,SP_0439
380,414269,414466,SP_RS11740,SP_RS11740,NA
381,414577,414753,SP_RS11745,SP_RS11745,NA
382,414869,415057,SP_RS02175,SP_RS02175,SP_0441
383,415214,415579,SP_RS02180,SP_RS02180,SP_0442
384,415582,417249,SP_RS02185,SP_RS02185,SP_0443
385,417449,419149,SP_RS02190,SP_RS02190,SP_0445
386,419142,419618,ilvN,SP_RS02195,SP_0446
387,419684,420706,ilvC,SP_RS02200,SP_0447
388,420813,421049,SP_RS02205,SP_RS02205,SP_0448
389,421287,421643,SP_RS02210,SP_RS02210,SP_0449
390,421693,422943,ilvA,SP_RS02215,SP_0450
391,423678,423893,SP_RS02220,SP_RS02220,SP_0451
392,424002,424742,SP_RS02225,SP_RS02225,SP_0452
393,424742,426307,SP_RS02230,SP_RS02230,SP_0453
394,426445,428334,SP_RS02235,SP_RS02235,SP_0454
395,429739,429876,SP_RS12990,SP_RS12990,NA
396,429907,430752,SP_RS02255,SP_RS02255,SP_0457
397,430899,431960,dinB,SP_RS02260,SP_0458
398,432308,434632,pflB,SP_RS02265,SP_0459
399,434770,436038,SP_RS02270,SP_RS02270,SP_0460
400,436303,437832,rlrA,SP_RS02275,SP_0461
401,438348,441008,rrgA,SP_RS02280,SP_0462
402,441232,443229,rrgB,SP_RS02285,SP_0463
403,443276,444457,rrgC,SP_RS02290,SP_0464
404,444795,445697,srtC-1,SP_RS02295,SP_0466
405,445684,446577,srtC-2,SP_RS02300,SP_0467
406,446564,447415,srtC-3,SP_RS02305,SP_0468
407,448879,449019,SP_RS12665,SP_RS12665,SP_0470
408,449021,449305,SP_RS02320,SP_RS02320,SP_0471
409,450739,451962,SP_RS02335,SP_RS02335,SP_0473
410,452130,453452,SP_RS02340,SP_RS02340,SP_0474
411,453454,455340,SP_RS02345,SP_RS02345,SP_0475
412,455508,455852,SP_RS02350,SP_RS02350,SP_0476
413,455862,457274,lacG,SP_RS02355,SP_0477
414,457343,459022,SP_RS02360,SP_RS02360,SP_0478
415,459148,460587,SP_RS02365,SP_RS02365,SP_0479
416,460591,461940,trkA,SP_RS02370,SP_0480
417,462128,462976,SP_RS02375,SP_RS02375,SP_0481
418,462991,463539,SP_RS02380,SP_RS02380,SP_0482
419,463546,463803,SP_RS02385,SP_RS02385,NA
420,463905,465587,SP_RS02390,SP_RS02390,SP_0483
421,465572,466402,SP_RS02395,SP_RS02395,SP_0484
422,466595,467098,SP_RS02400,SP_RS02400,SP_0486
423,467551,468114,SP_RS02405,SP_RS02405,SP_0488
424,468128,468754,SP_RS02410,SP_RS02410,SP_0489
425,468782,469171,SP_RS02415,SP_RS02415,SP_0490
426,469754,470341,SP_RS02425,SP_RS02425,SP_0493
427,470731,472338,SP_RS02435,SP_RS02435,SP_0494
428,472994,474340,SP_RS02440,SP_RS02440,SP_0495
429,474605,476236,SP_RS02445,SP_RS02445,SP_0496
430,476529,481508,SP_RS02450,SP_RS02450,SP_0498
431,481598,482794,SP_RS02455,SP_RS02455,SP_0499
432,482930,483457,SP_RS02460,SP_RS02460,SP_0500
433,483534,483890,glnR,SP_RS02465,SP_0501
434,483927,485273,glnA,SP_RS02470,SP_0502
435,485369,485488,SP_RS11790,SP_RS11790,SP_0503
436,485746,485883,SP_RS12995,SP_RS12995,SP_0504
437,486054,487334,SP_RS02480,SP_RS02480,SP_0505
438,487391,488188,psrA,SP_RS02485,SP_0506
439,488199,488798,SP_RS02490,SP_RS02490,SP_0507
440,488752,490320,SP_RS02495,SP_RS02495,SP_0508
441,490320,491783,SP_RS02500,SP_RS02500,SP_0509
442,491796,494129,SP_RS02505,SP_RS02505,SP_0510
443,495411,496445,hrcA,SP_RS02520,SP_0515
444,496472,496996,grpE,SP_RS02525,SP_0516
445,497485,499308,dnaK,SP_RS02530,SP_0517
446,500067,501203,dnaJ,SP_RS02540,SP_0519
447,501893,502180,SP_RS02545,SP_RS02545,SP_0520
448,502190,502600,SP_RS02550,SP_RS02550,SP_0521
449,502668,503399,SP_RS02555,SP_RS02555,SP_0522
450,503396,504445,SP_RS02560,SP_RS02560,SP_0523
451,504613,504942,SP_RS02565,SP_RS02565,SP_0524
452,505218,505556,SP_RS02570,SP_RS02570,SP_0525
453,505561,506298,SP_RS02575,SP_RS02575,SP_0526
454,506312,507652,SP_RS02580,SP_RS02580,SP_0527
455,507723,507851,blpC,SP_RS02585,SP_0528
456,507908,509269,SP_RS02590,SP_RS02590,SP_0529
457,509280,509927,SP_RS02595,SP_RS02595,NA
458,509943,510833,SP_RS02600,SP_RS02600,NA
459,510850,511437,SP_RS02605,SP_RS02605,NA
460,511719,511916,blpI,SP_RS02610,SP_0531
461,512383,512652,blpJ,SP_RS02615,SP_0532
462,512721,512951,blpU,SP_RS02620,SP_0533
463,512954,513073,SP_RS02625,SP_RS02625,NA
464,513370,513534,SP_RS13000,SP_RS13000,SP_0535
465,513531,513935,SP_RS02640,SP_RS02640,SP_0536
466,514138,514942,SP_RS11830,SP_RS11830,NA
467,515092,515346,blpM,SP_RS02655,SP_0539
468,515362,515565,blpN,SP_RS02660,SP_0540
469,515809,515958,blpO,SP_RS02665,SP_0541
470,516062,516181,SP_RS02670,SP_RS02670,NA
471,516967,517350,SP_RS02680,SP_RS02680,SP_0544
472,517402,518091,SP_RS02685,SP_RS02685,SP_0545
473,518133,518366,SP_RS02690,SP_RS02690,SP_0546
474,518517,519128,SP_RS02695,SP_RS02695,SP_0547
475,519289,520083,SP_RS02700,SP_RS02700,SP_0549
476,520080,520715,trmB,SP_RS02705,SP_0550
477,520841,521320,rimP,SP_RS02710,SP_0552
478,521364,522500,nusA,SP_RS02715,SP_0553
479,522522,522815,SP_RS02720,SP_RS02720,SP_0554
480,522808,523107,SP_RS02725,SP_RS02725,SP_0555
481,523124,526000,infB,SP_RS02730,SP_0556
482,526251,526601,rbfA,SP_RS02735,SP_0557
483,526880,527659,SP_RS02740,SP_RS02740,SP_0558
484,527661,527843,SP_RS02745,SP_RS02745,SP_0559
485,528303,528536,SP_RS02755,SP_RS02755,SP_0561
486,528536,529870,SP_RS02760,SP_RS02760,SP_0562
487,529880,530134,SP_RS02765,SP_RS02765,SP_0563
488,530230,530625,SP_RS02770,SP_RS02770,SP_0564
489,531038,531487,SP_RS02775,SP_RS02775,SP_0565
490,531474,532034,SP_RS02780,SP_RS02780,SP_0566
491,532034,532612,SP_RS02785,SP_RS02785,SP_0567
492,532605,535256,SP_RS02790,SP_RS02790,SP_0568
493,535337,535501,SP_RS02795,SP_RS02795,SP_0569
494,535552,537156,SP_RS02800,SP_RS02800,SP_0570
495,537536,538339,SP_RS02805,SP_RS02805,SP_0571
496,543164,544003,SP_RS02850,SP_RS02850,SP_0576
497,544021,545859,SP_RS02855,SP_RS02855,SP_0577
498,545872,547287,SP_RS02860,SP_RS02860,SP_0578
499,547769,548815,pheS,SP_RS02865,SP_0579
500,548815,549324,SP_RS02870,SP_RS02870,SP_0580
501,549401,551806,SP_RS02875,SP_RS02875,SP_0581
502,551874,552875,SP_RS02880,SP_RS02880,SP_0582
503,553572,553838,SP_RS02895,SP_RS02895,SP_0584
504,554099,556348,metE,SP_RS02900,SP_0585
505,556412,557278,metF,SP_RS02905,SP_0586
506,557963,560176,pnp,SP_RS02910,SP_0588
507,560192,560809,cysE,SP_RS02915,SP_0589
508,560821,561705,SP_RS02920,SP_RS02920,SP_0590
509,561787,563130,cysS,SP_RS02925,SP_0591
510,563123,563509,SP_RS02930,SP_RS02930,SP_0592
511,563513,564397,SP_RS02935,SP_RS02935,SP_0593
512,564534,564989,SP_RS02940,SP_RS02940,SP_0595
513,564986,565132,SP_RS13005,SP_RS13005,SP_0596
514,565802,567079,SP_RS02950,SP_RS02950,SP_0599
515,567092,567739,vex2,SP_RS02955,SP_0600
516,567791,569170,vex3,SP_RS02960,SP_0601
517,569350,569433,pep27,SP_RS13110,SP_0602
518,569482,570138,vncR,SP_RS02965,SP_0603
519,570135,571463,vncS,SP_RS02970,SP_0604
520,571604,572485,SP_RS02975,SP_RS02975,SP_0605
521,572806,573996,SP_RS02980,SP_RS02980,SP_0606
522,574254,574913,SP_RS02985,SP_RS02985,SP_0607
523,574923,575600,SP_RS02990,SP_RS02990,SP_0608
524,575613,576377,SP_RS02995,SP_RS02995,SP_0609
525,576417,577175,SP_RS03000,SP_RS03000,SP_0610
526,577452,579674,recJ,SP_RS03005,SP_0611
527,579849,581510,SP_RS03010,SP_RS03010,SP_0613
528,581579,582358,SP_RS03015,SP_RS03015,SP_0614
529,582470,583690,murM,SP_RS03020,SP_0615
530,583695,584927,murN,SP_RS03025,SP_0616
531,585006,585707,SP_RS03030,SP_RS03030,SP_0617
532,585747,587591,uvrC,SP_RS03035,SP_0618
533,587581,588414,SP_RS03040,SP_RS03040,SP_0619
534,588596,589396,SP_RS03045,SP_RS03045,SP_0620
535,589567,590172,SP_RS03050,SP_RS03050,SP_0622
536,590185,591585,pepV,SP_RS03055,SP_0623
537,591639,592217,SP_RS03060,SP_RS03060,SP_0624
538,592377,592529,SP_RS13115,SP_RS13115,NA
539,592572,592664,SP_RS13120,SP_RS13120,NA
540,592835,594160,brnQ,SP_RS03070,SP_0626
541,594258,595295,SP_RS03075,SP_RS03075,SP_0627
542,595297,595767,SP_RS03080,SP_RS03080,SP_0628
543,595770,596486,SP_RS03085,SP_RS03085,SP_0629
544,596526,596663,SP_RS13010,SP_RS13010,NA
545,596795,597220,rplK,SP_RS03090,SP_0630
546,597427,598116,rplA,SP_RS03095,SP_0631
547,598658,599020,SP_RS03105,SP_RS03105,SP_0633
548,600065,601057,SP_RS03115,SP_RS03115,SP_0636
549,601059,601877,SP_RS03120,SP_RS03120,SP_0637
550,601879,602664,SP_RS03125,SP_RS03125,SP_0638
551,602703,602981,SP_RS03130,SP_RS03130,SP_0639
552,602966,603163,SP_RS03135,SP_RS03135,SP_0640
553,603895,610317,SP_RS03145,SP_RS03145,SP_0641
554,611267,611494,SP_RS11895,SP_RS11895,NA
555,612705,613181,SP_RS03155,SP_RS03155,SP_0645
556,613219,613524,SP_RS03160,SP_RS03160,SP_0646
557,613572,615047,SP_RS03165,SP_RS03165,SP_0647
558,615442,622143,SP_RS03175,SP_RS03175,SP_0648
559,623457,623816,SP_RS03190,SP_RS03190,SP_0650
560,623839,624417,SP_RS03195,SP_RS03195,NA
561,624418,624864,SP_RS03200,SP_RS03200,NA
562,624848,625405,SP_RS03205,SP_RS03205,SP_0652
563,625398,625652,SP_RS03210,SP_RS03210,SP_0653
564,625664,627718,SP_RS03215,SP_RS03215,SP_0655
565,627897,628757,SP_RS03225,SP_RS03225,SP_0657
566,628968,629678,ccdA2,SP_RS03230,SP_0658
567,629698,630264,SP_RS03235,SP_RS03235,SP_0659
568,630275,631387,msrB,SP_RS03240,SP_0660
569,631655,632392,SP_RS03245,SP_RS03245,SP_0661
570,632389,634080,SP_RS03250,SP_RS03250,SP_0662
571,634196,634759,SP_RS03255,SP_RS03255,SP_0663
572,634781,640501,SP_RS03260,SP_RS03260,SP_0664
573,640562,642283,pabB,SP_RS03265,SP_0665
574,642284,642901,SP_RS03270,SP_RS03270,SP_0666
575,642951,643949,SP_RS03275,SP_RS03275,SP_0667
576,644076,645035,SP_RS03280,SP_RS03280,SP_0668
577,645132,645971,SP_RS03285,SP_RS03285,SP_0669
578,646019,646189,SP_RS03290,SP_RS03290,SP_0670
579,646310,647194,miaA,SP_RS03295,SP_0671
580,647187,648425,hflX,SP_RS03300,SP_0672
581,648418,649041,SP_RS03305,SP_RS03305,SP_0673
582,649056,649985,SP_RS03310,SP_RS03310,SP_0674
583,650006,650761,SP_RS03315,SP_RS03315,SP_0675
584,650815,651723,SP_RS03320,SP_RS03320,SP_0676
585,651787,652056,SP_RS03325,SP_RS03325,SP_0677
586,652056,652436,SP_RS03330,SP_RS03330,SP_0678
587,652525,652752,SP_RS03335,SP_RS03335,SP_0679
588,652792,653517,SP_RS03340,SP_RS03340,SP_0680
589,653679,655520,typA,SP_RS03345,SP_0681
590,655540,655794,SP_RS03350,SP_RS03350,SP_0682
591,656527,658548,SP_RS03360,SP_RS03360,SP_0686
592,658550,659191,SP_RS03365,SP_RS03365,SP_0687
593,659295,660647,SP_RS03370,SP_RS03370,SP_0688
594,660649,661707,SP_RS03375,SP_RS03375,SP_0689
595,661717,662916,divIB,SP_RS03380,SP_0690
596,666702,667415,SP_RS03415,SP_RS03415,SP_0698
597,668161,668862,pyrF,SP_RS03425,SP_0701
598,668896,669528,SP_RS03430,SP_RS03430,SP_0702
599,670207,670971,SP_RS03440,SP_RS03440,SP_0704
600,670971,671723,SP_RS03445,SP_RS03445,SP_0705
601,671733,672431,SP_RS03450,SP_RS03450,SP_0706
602,672428,673075,SP_RS03455,SP_RS03455,SP_0707
603,674045,674803,SP_RS03470,SP_RS03470,SP_0709
604,674804,675481,SP_RS03475,SP_RS03475,SP_0710
605,675441,676109,SP_RS03480,SP_RS03480,SP_0711
606,676335,676481,SP_RS03485,SP_RS03485,SP_0712
607,676609,678099,lysS,SP_RS03490,SP_0713
608,678711,680057,SP_RS03495,SP_RS03495,SP_0714
609,680430,681566,lctO,SP_RS03500,SP_0715
610,682123,682791,SP_RS03505,SP_RS03505,SP_0716
611,683028,683810,thiM,SP_RS03510,SP_0717
612,683812,684441,SP_RS03515,SP_RS03515,SP_0718
613,685000,685560,SP_RS03520,SP_RS03520,SP_0719
614,685561,686946,SP_RS03525,SP_RS03525,SP_0720
615,686948,687598,SP_RS03530,SP_RS03530,SP_0721
616,687609,688301,tenA,SP_RS03535,SP_0722
617,688306,688830,thiW,SP_RS03540,SP_0723
618,688830,689633,SP_RS03545,SP_RS03545,SP_0724
619,689626,690258,SP_RS03550,SP_RS03550,SP_0725
620,690468,691259,thiD,SP_RS03555,SP_0726
621,691625,692020,SP_RS03560,SP_RS03560,SP_0727
622,692031,692402,SP_RS03565,SP_RS03565,SP_0728
623,692412,694655,SP_RS03570,SP_RS03570,SP_0729
624,694862,696637,spxB,SP_RS03575,SP_0730
625,696748,697095,SP_RS03580,SP_RS03580,SP_0731
626,698523,698819,SP_RS03600,SP_RS03600,SP_0735
627,698940,699884,manA,SP_RS03605,SP_0736
628,701499,702239,SP_RS03620,SP_RS03620,SP_0739
629,702268,702723,SP_RS03625,SP_RS03625,SP_0740
630,702743,703918,SP_RS03630,SP_RS03630,SP_0741
631,703977,704822,SP_RS03635,SP_RS03635,SP_0742
632,704947,705504,SP_RS03640,SP_RS03640,SP_0743
633,705523,705990,SP_RS03645,SP_RS03645,SP_0744
634,706079,706708,upp,SP_RS03650,SP_0745
635,706882,707472,clpP,SP_RS03655,SP_0746
636,707551,707799,SP_RS03660,SP_RS03660,SP_0748
637,707900,709060,SP_RS03665,SP_RS03665,SP_0749
638,709328,710197,SP_RS03670,SP_RS03670,SP_0750
639,710201,711157,SP_RS03675,SP_RS03675,SP_0751
640,711157,711921,SP_RS03680,SP_RS03680,SP_0752
641,711921,712631,SP_RS03685,SP_RS03685,SP_0753
642,712939,713595,SP_RS03690,SP_RS03690,SP_0754
643,713703,714798,prfB,SP_RS03695,SP_0755
644,714816,715508,ftsE,SP_RS03700,SP_0756
645,715501,716427,ftsX,SP_RS03705,SP_0757
646,716713,718893,SP_RS03710,SP_RS03710,SP_0758
647,718945,719760,SP_RS03715,SP_RS03715,SP_0760
648,719900,721243,SP_RS03720,SP_RS03720,SP_0761
649,721458,722648,metK,SP_RS03725,SP_0762
650,723201,724136,SP_RS03730,SP_RS03730,SP_0764
651,724170,725207,SP_RS03735,SP_RS03735,SP_0765
652,725380,725985,SP_RS03740,SP_RS03740,SP_0766
653,726141,726653,SP_RS03745,SP_RS03745,SP_0767
654,726674,727759,rlmN,SP_RS03750,SP_0768
655,727759,728241,SP_RS03755,SP_RS03755,SP_0769
656,728243,729784,SP_RS03760,SP_RS03760,SP_0770
657,729840,730643,SP_RS03765,SP_RS03765,SP_0771
658,731419,731628,SP_RS03775,SP_RS03775,SP_0774
659,731798,732070,rpsP,SP_RS03780,SP_0775
660,732090,732329,SP_RS03785,SP_RS03785,SP_0776
661,732906,733694,SP_RS03790,SP_RS03790,SP_0777
662,733725,734243,rimM,SP_RS03795,SP_0778
663,734233,734952,trmD,SP_RS03800,SP_0779
664,734964,735302,SP_RS03805,SP_RS03805,SP_0780
665,735333,735653,SP_RS03810,SP_RS03810,SP_0781
666,735751,735966,SP_RS03815,SP_RS03815,SP_0782
667,735963,736109,SP_RS13135,SP_RS13135,NA
668,736172,736708,SP_RS03825,SP_RS03825,SP_0783
669,736905,738251,gor,SP_RS03830,SP_0784
670,738516,739715,SP_RS03835,SP_RS03835,SP_0785
671,739699,740400,SP_RS03840,SP_RS03840,SP_0786
672,740402,741661,SP_RS03845,SP_RS03845,SP_0787
673,741785,743782,metG,SP_RS03850,SP_0788
674,744248,744568,SP_RS03860,SP_RS03860,SP_0789
675,744572,745387,SP_RS03865,SP_RS03865,SP_0790
676,745462,746388,SP_RS03870,SP_RS03870,SP_0791
677,746454,746720,SP_RS03875,SP_RS03875,SP_0792
678,746713,747411,SP_RS03880,SP_RS03880,SP_0793
679,747422,747922,SP_RS03885,SP_RS03885,SP_0794
680,747900,748769,SP_RS03890,SP_RS03890,SP_0795
681,748744,749184,SP_RS03895,SP_RS03895,SP_0796
682,749307,751853,SP_RS03900,SP_RS03900,SP_0797
683,751962,752636,ciaR,SP_RS03905,SP_0798
684,752626,753960,ciaH,SP_RS03910,SP_0799
685,753994,754281,SP_RS03915,SP_RS03915,SP_0800
686,754421,755350,SP_RS03920,SP_RS03920,SP_0801
687,755550,758000,SP_RS03930,SP_RS03930,SP_0802
688,758037,759260,SP_RS03935,SP_RS03935,SP_0803
689,759271,759825,SP_RS03940,SP_RS03940,SP_0804
690,759910,760473,SP_RS03945,SP_RS03945,SP_0805
691,760488,762434,gyrB,SP_RS03950,SP_0806
692,762516,764243,ezrA,SP_RS03955,SP_0807
693,766227,766514,tnpB,SP_RS03970,NA
694,768201,768500,SP_RS03995,SP_RS03995,SP_0816
695,770258,772516,SP_RS04015,SP_RS04015,SP_0820
696,772745,772975,SP_RS04020,SP_RS04020,SP_0822
697,773165,773848,SP_RS04025,SP_RS04025,SP_0823
698,773848,774582,SP_RS04030,SP_RS04030,SP_0824
699,774761,775618,SP_RS04035,SP_RS04035,SP_0825
700,775756,776577,SP_RS04040,SP_RS04040,SP_0826
701,777729,778412,rpiA,SP_RS04050,SP_0828
702,778426,779637,SP_RS04055,SP_RS04055,SP_0829
703,779639,780181,SP_RS04060,SP_RS04060,SP_0830
704,780197,781006,SP_RS04065,SP_RS04065,SP_0831
705,782487,782999,SP_RS04075,SP_RS04075,SP_0834
706,783653,784363,deoD,SP_RS04085,SP_0835
707,784413,785669,SP_RS04090,SP_RS04090,SP_0836
708,785809,786333,SP_RS04095,SP_RS04095,SP_0837
709,786386,786622,SP_RS04100,SP_RS04100,SP_0838
710,786690,787610,SP_RS04105,SP_RS04105,SP_0839
711,787800,788036,SP_RS13150,SP_RS13150,SP_0840
712,788419,789000,SP_RS04115,SP_RS04115,SP_0841
713,788997,790274,SP_RS04120,SP_RS04120,SP_0842
714,790292,790954,deoC,SP_RS04125,SP_0843
715,790941,791330,SP_RS04130,SP_RS04130,SP_0844
716,791420,792472,SP_RS04135,SP_RS04135,SP_0845
717,792616,794151,SP_RS04140,SP_RS04140,SP_0846
718,794144,795202,SP_RS04145,SP_RS04145,SP_0847
719,795205,796161,SP_RS04150,SP_RS04150,SP_0848
720,797560,798201,plsY,SP_RS04175,SP_0851
721,798337,800280,parE,SP_RS04180,SP_0852
722,800700,803171,parC,SP_RS04190,SP_0855
723,803303,804325,SP_RS04195,SP_RS04195,SP_0856
724,804381,805085,SP_RS04200,SP_RS04200,SP_0857
725,805150,805839,SP_RS04205,SP_RS04205,SP_0858
726,805836,806759,SP_RS04210,SP_RS04210,SP_0859
727,806774,807418,pcp,SP_RS04215,SP_0860
728,807586,807816,SP_RS04220,SP_RS04220,SP_0861
729,807866,807946,SP_RS04225,SP_RS04225,SP_2245
730,807956,808027,SP_RS04230,SP_RS04230,SP_2246
731,808189,809391,rpsA,SP_RS04235,SP_0862
732,810997,811494,SP_RS04255,SP_RS04255,SP_0864
733,811494,813149,dnaX,SP_RS04260,SP_0865
734,813177,813371,SP_RS04265,SP_RS04265,SP_0866
735,813521,814291,sufC,SP_RS04270,SP_0867
736,814319,815581,sufD,SP_RS04275,SP_0868
737,815592,816818,SP_RS04280,SP_RS04280,SP_0869
738,816805,817245,SP_RS04285,SP_RS04285,SP_0870
739,817299,818711,sufB,SP_RS04290,SP_0871
740,818942,820183,pbp3,SP_RS04300,SP_0872
741,820286,821395,SP_RS04305,SP_RS04305,SP_0873
742,821929,822276,ssrA,SP_RS12000,NA
743,822458,822545,SP_RS04310,SP_RS04310,SP_2247
744,822707,823447,SP_RS04315,SP_RS04315,SP_0875
745,823444,824355,pfkB,SP_RS04320,SP_0876
746,824352,826304,SP_RS04325,SP_RS04325,SP_0877
747,826468,828693,SP_RS04330,SP_RS04330,SP_0878
748,828738,829166,SP_RS04335,SP_RS04335,SP_0879
749,829304,830446,SP_RS04340,SP_RS04340,SP_0880
750,830455,831669,thiI,SP_RS04345,SP_0881
751,831804,832628,SP_RS04350,SP_RS04350,SP_0882
752,833402,834568,SP_RS04365,SP_RS04365,SP_0885
753,834828,834986,SP_RS13165,SP_RS13165,NA
754,835075,836568,SP_RS04370,SP_RS04370,SP_0886
755,836581,837702,SP_RS04375,SP_RS04375,SP_0887
756,837762,837998,SP_RS04380,SP_RS04380,SP_0888
757,837995,838408,SP_RS04385,SP_RS04385,SP_0889
758,838526,839491,SP_RS04390,SP_RS04390,SP_0890
759,839514,840095,SP_RS04395,SP_RS04395,SP_0891
760,840125,843475,SP_RS04400,SP_RS04400,SP_0892
761,843981,844451,SP_RS04405,SP_RS04405,SP_0893
762,844468,846741,SP_RS04410,SP_RS04410,SP_0894
763,847088,850189,SP_RS04415,SP_RS04415,SP_0895
764,850271,851278,pfkA,SP_RS04420,SP_0896
765,851337,852842,pyk,SP_RS04425,SP_0897
766,854646,855518,SP_RS04440,SP_RS04440,SP_0899
767,856151,856462,SP_RS04455,SP_RS04455,SP_0901
768,856466,857182,SP_RS04460,SP_RS04460,SP_0902
769,857311,858126,SP_RS04465,SP_RS04465,SP_0904
770,858123,859028,SP_RS04470,SP_RS04470,SP_0905
771,859418,860737,SP_RS04480,SP_RS04480,SP_0907
772,860839,862968,SP_RS04485,SP_RS04485,SP_0908
773,862955,863404,SP_RS04490,SP_RS04490,SP_0909
774,863462,863734,SP_RS04495,SP_RS04495,SP_0910
775,864088,864279,SP_RS04500,SP_RS04500,SP_0911
776,864707,865465,SP_RS04505,SP_RS04505,SP_0912
777,865467,867455,SP_RS04510,SP_RS04510,SP_0913
778,867497,868141,SP_RS04515,SP_RS04515,SP_0914
779,868167,869162,SP_RS04520,SP_RS04520,SP_0915
780,869869,871344,SP_RS04525,SP_RS04525,SP_0916
781,871310,872026,SP_RS04535,SP_RS04535,SP_0917
782,872282,873142,speE,SP_RS04540,SP_0918
783,873139,874398,SP_RS04545,SP_RS04545,SP_0919
784,874398,875525,nspC,SP_RS04550,SP_0920
785,875522,876607,aguA,SP_RS04555,SP_0921
786,876617,877492,aguB,SP_RS04560,SP_0922
787,877673,878482,SP_RS04565,SP_RS04565,SP_0923
788,878754,878975,SP_RS04570,SP_RS04570,SP_0924
789,879029,879700,SP_RS04575,SP_RS04575,SP_0925
790,879752,879949,SP_RS04580,SP_RS04580,SP_0926
791,879942,880850,SP_RS04585,SP_RS04585,SP_0927
792,880847,881308,SP_RS04590,SP_RS04590,SP_0928
793,881298,882185,SP_RS04595,SP_RS04595,SP_0929
794,882188,884071,cbpE,SP_RS04600,SP_0930
795,884151,885281,SP_RS04605,SP_RS04605,SP_0931
796,885291,886553,SP_RS04610,SP_RS04610,SP_0932
797,886557,887354,proC,SP_RS04615,SP_0933
798,887470,888108,SP_RS04620,SP_RS04620,SP_0935
799,888105,888995,SP_RS04625,SP_RS04625,SP_0936
800,889035,889352,yabA,SP_RS04630,SP_0937
801,889355,890224,rsmI,SP_RS04635,SP_0938
802,890451,890969,SP_RS04640,SP_RS04640,SP_0939
803,891713,892517,SP_RS12045,SP_RS12045,NA
804,892512,892766,SP_RS04660,SP_RS04660,NA
805,892960,894294,trmFO,SP_RS04665,SP_0943
806,894378,895115,SP_RS04670,SP_RS04670,SP_0944
807,895124,895681,frr,SP_RS04675,SP_0945
808,895741,896595,cvfB,SP_RS04680,SP_0946
809,896604,896819,SP_RS04685,SP_RS04685,SP_0947
810,896905,897873,SP_RS04690,SP_RS04690,SP_0948
811,898721,898903,SP_RS12050,SP_RS12050,NA
812,898939,899439,SP_RS04705,SP_RS04705,SP_0950
813,901345,901914,SP_RS04725,SP_RS04725,SP_0953
814,901982,902632,SP_RS04730,SP_RS04730,SP_0954
815,902616,904856,SP_RS04735,SP_RS04735,SP_0955
816,905035,905223,SP_RS04740,SP_RS04740,SP_0956
817,905256,905843,SP_RS04745,SP_RS04745,SP_0957
818,905847,907031,SP_RS04750,SP_RS04750,SP_0958
819,907342,907872,infC,SP_RS04755,SP_0959
820,907905,908105,rpmI,SP_RS04760,SP_0960
821,908157,908516,rplT,SP_RS04765,SP_0961
822,908574,908954,SP_RS04770,SP_RS04770,SP_0962
823,909204,910004,SP_RS04775,SP_RS04775,SP_0963
824,910015,910953,SP_RS04780,SP_RS04780,SP_0964
825,910995,913028,SP_RS04785,SP_RS04785,SP_0965
826,913089,914744,pavA,SP_RS04790,SP_0966
827,914849,915346,ybeY,SP_RS04795,SP_0967
828,915327,915722,SP_RS04800,SP_RS04800,SP_0968
829,915739,916638,era,SP_RS04805,SP_0969
830,916687,917511,mutM,SP_RS04810,SP_0970
831,917511,918116,SP_RS04815,SP_RS04815,SP_0971
832,918103,919302,SP_RS04820,SP_RS04820,SP_0972
833,919302,919451,rpmG,SP_RS04825,SP_0973
834,919491,919724,secG,SP_RS04830,SP_0974
835,919826,922180,rnr,SP_RS04835,SP_0975
836,922143,922610,smpB,SP_RS04840,SP_0976
837,922626,923486,tehB,SP_RS04845,SP_0977
838,923559,924512,coiA,SP_RS04850,SP_0978
839,924531,926333,pepF,SP_RS04855,SP_0979
840,926335,927048,SP_RS04860,SP_RS04860,SP_0980
841,927115,928056,prsA,SP_RS04865,SP_0981
842,929276,929896,SP_RS04880,SP_RS04880,SP_0984
843,929896,930378,SP_RS04885,SP_RS04885,SP_0985
844,930378,931220,SP_RS04890,SP_RS04890,SP_0986
845,931315,932115,SP_RS04895,SP_RS04895,SP_0987
846,932259,933638,glmU,SP_RS04900,SP_0988
847,933648,934193,SP_RS04905,SP_RS04905,SP_0989
848,934205,934519,macP,SP_RS04910,SP_0990
849,934536,935228,SP_RS04915,SP_RS04915,SP_0991
850,935305,935796,rocS,SP_RS04920,SP_0992
851,935894,936484,SP_RS04925,SP_RS04925,SP_0993
852,936493,938256,SP_RS04930,SP_RS04930,SP_0994
853,939279,939479,SP_RS04945,SP_RS04945,SP_0997
854,939521,939925,SP_RS04950,SP_RS04950,SP_0998
855,940156,940863,ccdA2,SP_RS04955,SP_0999
856,940874,941431,sdbB,SP_RS04960,SP_1000
857,941805,943196,SP_RS04965,SP_RS04965,SP_1001
858,943339,944256,adcAII,SP_RS04970,SP_1002
859,944264,946783,phtD,SP_RS04975,SP_1003
860,946993,950112,phtE,SP_RS04980,SP_1004
861,951620,951841,SP_RS04990,SP_RS04990,SP_1006
862,951806,952435,SP_RS04995,SP_RS04995,SP_1007
863,952471,953694,pepT,SP_RS05000,SP_1008
864,953849,954943,hemH,SP_RS05005,SP_1009
865,954985,955362,mscL,SP_RS05010,SP_1010
866,955444,955875,SP_RS05015,SP_RS05015,SP_1011
867,955998,956507,SP_RS05020,SP_RS05020,SP_1012
868,956607,956679,SP_RS05025,SP_RS05025,SP_2248
869,957021,958097,SP_RS05030,SP_RS05030,SP_1013
870,958153,959088,dapA,SP_RS05035,SP_1014
871,959139,960396,SP_RS05040,SP_RS05040,SP_1015
872,960558,961931,mnmE,SP_RS05045,SP_1016
873,962068,962250,SP_RS05050,SP_RS05050,SP_1017
874,962374,962973,SP_RS05055,SP_RS05055,SP_1018
875,962963,963442,SP_RS05060,SP_RS05060,SP_1019
876,963452,964531,prfA,SP_RS05065,SP_1020
877,964531,965370,prmC,SP_RS05070,SP_1021
878,965354,965956,SP_RS05075,SP_RS05075,SP_1022
879,965958,966389,SP_RS05080,SP_RS05080,SP_1023
880,966451,967707,SP_RS05085,SP_RS05085,SP_1024
881,967715,968689,SP_RS05090,SP_RS05090,SP_1025
882,968689,969303,pmp23,SP_RS05095,SP_1026
883,969377,970351,SP_RS05100,SP_RS05100,SP_1027
884,970425,972056,rlmD,SP_RS05105,SP_1029
885,972270,972512,SP_RS05110,SP_RS05110,NA
886,972795,973013,SP_RS05115,SP_RS05115,SP_1030
887,973406,974431,SP_RS05120,SP_RS05120,SP_1032
888,974421,975428,SP_RS05125,SP_RS05125,SP_1033
889,975428,976435,SP_RS05130,SP_RS05130,SP_1034
890,976435,977229,SP_RS05135,SP_RS05135,SP_1035
891,977617,978006,SP_RS12080,SP_RS12080,NA
892,977972,978286,SP_RS12775,SP_RS12775,NA
893,978970,979131,SP_RS13020,SP_RS13020,SP_1039
894,979223,980902,SP_RS05150,SP_RS05150,SP_1040
895,981170,981736,SP_RS05155,SP_RS05155,SP_1041
896,982058,982246,SP_RS05160,SP_RS05160,SP_1042
897,982308,983066,SP_RS05165,SP_RS05165,SP_1043
898,983124,983978,SP_RS05170,SP_RS05170,SP_1044
899,984090,984974,SP_RS05175,SP_RS05175,SP_1045
900,985138,985500,SP_RS12090,SP_RS12090,NA
901,986963,987280,SP_RS05185,SP_RS05185,SP_1047
902,987326,987607,SP_RS05190,SP_RS05190,SP_1048
903,988052,988528,SP_RS05195,SP_RS05195,SP_1050
904,988528,989289,SP_RS05200,SP_RS05200,SP_1051
905,991304,991660,SP_RS05215,SP_RS05215,SP_1054
906,991665,992030,SP_RS05220,SP_RS05220,SP_1055
907,992017,993840,SP_RS05225,SP_RS05225,SP_1056
908,993954,994820,SP_RS05230,SP_RS05230,SP_1057
909,995411,995662,SP_RS05235,SP_RS05235,SP_1059
910,995891,996193,SP_RS05240,SP_RS05240,SP_1060
911,996190,997536,SP_RS05245,SP_RS05245,SP_1061
912,997550,998467,SP_RS05250,SP_RS05250,SP_1062
913,998464,999264,SP_RS05255,SP_RS05255,SP_1063
914,999422,999895,tnpA,SP_RS05260,SP_1064
915,1000152,1000373,SP_RS05265,SP_RS05265,NA
916,1001278,1002507,SP_RS05275,SP_RS05275,SP_1067
917,1002527,1005223,ppc,SP_RS05280,SP_1068
918,1005636,1006640,SP_RS05285,SP_RS05285,SP_1069
919,1006709,1007575,SP_RS05290,SP_RS05290,SP_1070
920,1007572,1008330,SP_RS05295,SP_RS05295,SP_1071
921,1008420,1010180,dnaG,SP_RS05300,SP_1072
922,1010183,1011292,rpoD,SP_RS05305,SP_1073
923,1011306,1011635,SP_RS05310,SP_RS05310,SP_1074
924,1011750,1012793,cpoA,SP_RS05315,SP_1075
925,1012809,1014134,SP_RS05320,SP_RS05320,SP_1076
926,1014165,1014341,SP_RS05325,SP_RS05325,SP_1077
927,1014400,1014534,SP_RS05330,SP_RS05330,SP_1078
928,1014598,1015908,obgE,SP_RS05335,SP_1079
929,1015918,1016076,SP_RS13025,SP_RS13025,SP_1080
930,1017219,1018478,SP_RS05345,SP_RS05345,SP_1081
931,1018494,1019045,SP_RS05350,SP_RS05350,SP_1082
932,1019038,1020315,spxR,SP_RS05355,SP_1083
933,1020331,1021191,SP_RS05360,SP_RS05360,SP_1084
934,1022565,1024856,pcrA,SP_RS05385,SP_1087
935,1024899,1025579,radC,SP_RS05390,SP_1088
936,1025576,1026265,SP_RS05395,SP_RS05395,SP_1089
937,1026283,1026924,SP_RS05400,SP_RS05400,SP_1090
938,1027007,1027222,SP_RS05405,SP_RS05405,SP_1092
939,1027230,1027577,SP_RS05410,SP_RS05410,SP_1093
940,1027582,1028697,SP_RS05415,SP_RS05415,SP_1094
941,1028707,1029666,SP_RS05420,SP_RS05420,SP_1095
942,1029779,1030348,SP_RS05425,SP_RS05425,SP_1096
943,1030476,1031147,SP_RS05430,SP_RS05430,SP_1097
944,1031131,1031949,SP_RS05435,SP_RS05435,SP_1098
945,1031946,1032842,SP_RS05440,SP_RS05440,SP_1099
946,1032886,1033860,pta,SP_RS05445,SP_1100
947,1035629,1035928,SP_RS05465,SP_RS05465,SP_1102
948,1036330,1037034,SP_RS05470,SP_RS05470,SP_1104
949,1037216,1037530,rplU,SP_RS05475,SP_1105
950,1037546,1037890,SP_RS05480,SP_RS05480,SP_1106
951,1037907,1038200,rpmA,SP_RS05485,SP_1107
952,1039154,1040071,SP_RS05495,SP_RS05495,SP_1110
953,1040164,1041012,SP_RS05500,SP_RS05500,SP_1111
954,1041154,1041993,SP_RS05505,SP_RS05505,SP_1112
955,1042099,1042374,SP_RS05510,SP_RS05510,SP_1113
956,1042800,1044701,SP_RS05515,SP_RS05515,SP_1114
957,1044704,1045567,SP_RS05520,SP_RS05520,SP_1115
958,1045647,1046825,SP_RS05525,SP_RS05525,SP_1116
959,1046918,1048876,ligA,SP_RS05530,SP_1117
960,1048988,1051267,pulA,SP_RS05535,SP_1118
961,1051812,1053236,SP_RS05545,SP_RS05545,SP_1119
962,1053719,1055647,glgB,SP_RS05550,SP_1121
963,1055637,1056779,SP_RS05555,SP_RS05555,SP_1122
964,1056769,1057908,glgD,SP_RS05560,SP_1123
965,1057905,1059338,glgA,SP_RS05565,SP_1124
966,1059397,1059768,SP_RS12785,SP_RS12785,NA
967,1059809,1060042,SP_RS12790,SP_RS12790,NA
968,1060051,1061166,SP_RS05580,SP_RS05580,SP_1126
969,1061163,1061609,SP_RS05585,SP_RS05585,SP_1127
970,1061773,1063077,eno,SP_RS05590,SP_1128
971,1063231,1064394,SP_RS05595,SP_RS05595,SP_1129
972,1064469,1065317,SP_RS05600,SP_RS05600,SP_1130
973,1065437,1065790,SP_RS05605,SP_RS05605,SP_1131
974,1065890,1066156,SP_RS05610,SP_RS05610,SP_1132
975,1066167,1066319,SP_RS13030,SP_RS13030,SP_1133
976,1066524,1067141,SP_RS05615,SP_RS05615,SP_1134
977,1067176,1067628,SP_RS05620,SP_RS05620,SP_1135
978,1067625,1068071,SP_RS05625,SP_RS05625,SP_1136
979,1068083,1068967,SP_RS05630,SP_RS05630,SP_1137
980,1069216,1069866,SP_RS05635,SP_RS05635,SP_1139
981,1069913,1070341,SP_RS05640,SP_RS05640,SP_1140
982,1070349,1070660,SP_RS05645,SP_RS05645,SP_1141
983,1070678,1071088,SP_RS05650,SP_RS05650,SP_1142
984,1071285,1071650,SP_RS05655,SP_RS05655,SP_1143
985,1071640,1071933,SP_RS05660,SP_RS05660,SP_1144
986,1071951,1073141,SP_RS05665,SP_RS05665,SP_1145
987,1073144,1073320,SP_RS13035,SP_RS13035,SP_1146
988,1073640,1074086,SP_RS12125,SP_RS12125,NA
989,1075357,1078632,rexB,SP_RS05680,SP_1151
990,1078629,1082279,addA,SP_RS05685,SP_1152
991,1082494,1083672,SP_RS05690,SP_RS05690,SP_1153
992,1083881,1089895,SP_RS05695,SP_RS05695,SP_1154
993,1089947,1090123,SP_RS12140,SP_RS12140,NA
994,1090342,1091193,ylqF,SP_RS05700,SP_1155
995,1091180,1091959,SP_RS05705,SP_RS05705,SP_1156
996,1091975,1093525,SP_RS05710,SP_RS05710,SP_1157
997,1094109,1095179,xerS,SP_RS05715,SP_1159
998,1095244,1096233,SP_RS05720,SP_RS05720,SP_1160
999,1096297,1097982,lpdA,SP_RS05725,SP_1161
1000,1098046,1099089,SP_RS05730,SP_RS05730,SP_1162
1001,1099307,1100299,SP_RS05735,SP_RS05735,SP_1163
1002,1100315,1101283,SP_RS05740,SP_RS05740,SP_1164
1003,1101437,1102798,pdrM,SP_RS05745,SP_1166
1004,1102809,1103069,SP_RS05750,SP_RS05750,NA
1005,1103083,1104351,SP_RS05755,SP_RS05755,SP_1167
1006,1104364,1104828,SP_RS05760,SP_RS05760,SP_1168
1007,1104838,1105491,SP_RS05765,SP_RS05765,SP_1169
1008,1105629,1106231,SP_RS05770,SP_RS05770,SP_1170
1009,1106289,1107002,SP_RS05775,SP_RS05775,SP_1171
1010,1107462,1107836,SP_RS05780,SP_RS05780,SP_1173
1011,1108258,1110717,phtB,SP_RS05785,SP_1174
1012,1113578,1115311,ptsP,SP_RS05795,SP_1176
1013,1115317,1115580,SP_RS05800,SP_RS05800,SP_1177
1014,1115931,1116149,nrdH,SP_RS05805,SP_1178
1015,1116230,1118389,nrdE,SP_RS05810,SP_1179
1016,1118577,1119539,nrdF,SP_RS05815,SP_1180
1017,1119827,1120588,SP_RS05820,SP_RS05820,SP_1182
1018,1120867,1121079,SP_RS12145,SP_RS12145,SP_1183
1019,1121169,1122575,lacG,SP_RS05825,SP_1184
1020,1122784,1124475,SP_RS05830,SP_RS05830,SP_1185
1021,1124475,1124792,SP_RS05835,SP_RS05835,SP_1186
1022,1124828,1125664,SP_RS05840,SP_RS05840,SP_1187
1023,1126062,1126634,SP_RS05845,SP_RS05845,SP_1189
1024,1126937,1127917,lacD,SP_RS05850,SP_1190
1025,1127919,1128848,SP_RS05855,SP_RS05855,SP_1191
1026,1128859,1129374,lacB,SP_RS05860,SP_1192
1027,1129405,1129830,lacA,SP_RS05865,SP_1193
1028,1129987,1130451,SP_RS05870,SP_RS05870,SP_1194
1029,1131313,1131615,SP_RS05885,SP_RS05885,SP_1197
1030,1132584,1134407,lepA,SP_RS05895,SP_1200
1031,1134486,1135214,SP_RS05900,SP_RS05900,SP_1201
1032,1135216,1136883,recN,SP_RS05905,SP_1202
1033,1136890,1137321,SP_RS05910,SP_RS05910,SP_1203
1034,1137314,1138129,SP_RS05915,SP_RS05915,SP_1204
1035,1138122,1138997,SP_RS05920,SP_RS05920,SP_1205
1036,1138994,1139206,SP_RS05925,SP_RS05925,SP_1206
1037,1139184,1140524,SP_RS05930,SP_RS05930,SP_1207
1038,1140652,1141290,udk,SP_RS05935,SP_1208
1039,1141398,1141700,SP_RS05940,SP_RS05940,NA
1040,1141941,1142819,truB,SP_RS05950,SP_1212
1041,1142829,1144103,SP_RS05955,SP_RS05955,SP_1213
1042,1144274,1145314,SP_RS05960,SP_RS05960,SP_1214
1043,1145336,1145458,SP_RS13070,SP_RS13070,NA
1044,1145606,1146403,SP_RS05965,SP_RS05965,SP_1215
1045,1146647,1147390,srtA,SP_RS05970,NA
1046,1147390,1149858,gyrA,SP_RS05975,SP_1219
1047,1150052,1151038,SP_RS05980,SP_RS05980,SP_1220
1048,1151348,1154602,SP_RS05985,SP_RS05985,SP_1221
1049,1154767,1156638,SP_RS05990,SP_RS05990,SP_1222
1050,1156713,1156967,SP_RS05995,SP_RS05995,SP_1223
1051,1156969,1157211,SP_RS06000,SP_RS06000,SP_1224
1052,1157302,1158111,SP_RS06005,SP_RS06005,SP_1225
1053,1158113,1159462,vicK,SP_RS06010,SP_1226
1054,1159455,1160159,SP_RS06015,SP_RS06015,SP_1227
1055,1160215,1161390,mutY,SP_RS06020,SP_1228
1056,1161718,1163388,SP_RS06025,SP_RS06025,SP_1229
1057,1163618,1164307,coaB,SP_RS06030,SP_1230
1058,1164319,1164870,coaC,SP_RS06035,SP_1231
1059,1164854,1165417,SP_RS06040,SP_RS06040,SP_1232
1060,1165699,1166226,SP_RS06045,SP_RS06045,SP_1233
1061,1166238,1166753,SP_RS06050,SP_RS06050,SP_1234
1062,1166750,1167217,SP_RS06055,SP_RS06055,SP_1235
1063,1167286,1167774,SP_RS06060,SP_RS06060,SP_1236
1064,1167740,1168303,SP_RS06065,SP_RS06065,SP_1237
1065,1168313,1170301,uvrB,SP_RS06070,SP_1238
1066,1170378,1171331,SP_RS06075,SP_RS06075,SP_1240
1067,1171501,1173666,SP_RS06080,SP_RS06080,SP_1241
1068,1173666,1174406,SP_RS06085,SP_RS06085,SP_1242
1069,1174555,1176042,SP_RS06090,SP_RS06090,SP_1243
1070,1176088,1177377,ftsY,SP_RS06095,SP_1244
1071,1177381,1178199,SP_RS06100,SP_RS06100,SP_1245
1072,1178199,1178993,SP_RS06105,SP_RS06105,SP_1246
1073,1178990,1182529,smc,SP_RS06110,SP_1247
1074,1182520,1183218,SP_RS06115,SP_RS06115,SP_1248
1075,1183401,1183472,SP_RS06120,SP_RS06120,SP_2249
1076,1183536,1184522,SP_RS06125,SP_RS06125,SP_1249
1077,1184697,1186013,SP_RS06130,SP_RS06130,SP_1250
1078,1186000,1187931,SP_RS06135,SP_RS06135,SP_1251
1079,1188095,1188256,SP_RS06140,SP_RS06140,SP_1252
1080,1188517,1188660,SP_RS12800,SP_RS12800,SP_1254
1081,1188879,1189238,leuD,SP_RS06150,SP_1255
1082,1189242,1189511,SP_RS06155,SP_RS06155,SP_1256
1083,1190557,1191651,SP_RS06170,SP_RS06170,SP_1258
1084,1191670,1192326,SP_RS06175,SP_RS06175,NA
1085,1192370,1193002,SP_RS06180,SP_RS06180,SP_1260
1086,1193095,1193454,SP_RS06185,SP_RS06185,SP_1261
1087,1193814,1195070,SP_RS06190,SP_RS06190,SP_1262
1088,1195085,1197184,topA,SP_RS06195,SP_1263
1089,1197351,1198394,SP_RS06200,SP_RS06200,SP_1264
1090,1199284,1200132,dprA,SP_RS06205,SP_1266
1091,1200228,1200917,SP_RS06210,SP_RS06210,SP_1267
1092,1200929,1201807,SP_RS06215,SP_RS06215,SP_1268
1093,1201797,1202666,licA,SP_RS06220,SP_1269
1094,1202683,1203705,SP_RS06225,SP_RS06225,SP_1270
1095,1203710,1204417,SP_RS06230,SP_RS06230,SP_1271
1096,1204753,1206240,tacF,SP_RS06235,SP_1272
1097,1206250,1207053,SP_RS06240,SP_RS06240,SP_1273
1098,1207055,1207864,SP_RS06245,SP_RS06245,SP_1274
1099,1208139,1211315,carB,SP_RS06250,SP_1275
1100,1211628,1212707,SP_RS06255,SP_RS06255,SP_1276
1101,1212757,1213680,SP_RS06260,SP_RS06260,SP_1277
1102,1213699,1214220,pyrR,SP_RS06265,SP_1278
1103,1214431,1215060,nth,SP_RS06270,SP_1279
1104,1215060,1215602,SP_RS06275,SP_RS06275,SP_1280
1105,1215772,1216089,SP_RS06280,SP_RS06280,SP_1281
1106,1216328,1217887,SP_RS06285,SP_RS06285,SP_1282
1107,1217931,1218830,htpX,SP_RS06290,SP_1283
1108,1218832,1219392,SP_RS06295,SP_RS06295,SP_1284
1109,1219486,1220199,rsmG,SP_RS06300,SP_1285
1110,1220502,1221785,SP_RS06305,SP_RS06305,SP_1286
1111,1221980,1223551,ffh,SP_RS06310,SP_1287
1112,1223563,1223895,SP_RS06315,SP_RS06315,SP_1288
1113,1223986,1224363,SP_RS06320,SP_RS06320,SP_1289
1114,1224435,1225739,SP_RS06325,SP_RS06325,SP_1290
1115,1225752,1226558,yidA,SP_RS06330,SP_1291
1116,1226601,1227599,SP_RS06335,SP_RS06335,SP_1292
1117,1227766,1227837,SP_RS06340,SP_RS06340,SP_2250
1118,1227880,1228227,rplS,SP_RS06345,SP_1293
1119,1228346,1228675,crcB,SP_RS06350,SP_1294
1120,1228669,1229043,crcB,SP_RS06355,SP_1295
1121,1229040,1229306,SP_RS06360,SP_RS06360,SP_1296
1122,1229422,1229865,SP_RS06365,SP_RS06365,SP_1297
1123,1229969,1230904,SP_RS06370,SP_RS06370,SP_1298
1124,1230958,1231242,SP_RS06375,SP_RS06375,SP_1299
1125,1231299,1231517,SP_RS06380,SP_RS06380,SP_1300
1126,1232602,1233948,gdhA,SP_RS06400,SP_1306
1127,1234454,1234624,SP_RS13040,SP_RS13040,SP_1307
1128,1236128,1236286,SP_RS06425,SP_RS06425,NA
1129,1236881,1237321,SP_RS06435,SP_RS06435,NA
1130,1237775,1238098,tnpB,SP_RS06445,SP_1313
1131,1238079,1238264,SP_RS06450,SP_RS06450,SP_1314
1132,1238537,1239148,SP_RS06455,SP_RS06455,SP_1315
1133,1239171,1240556,SP_RS06460,SP_RS06460,SP_1316
1134,1240557,1242332,SP_RS06465,SP_RS06465,SP_1317
1135,1242395,1242715,SP_RS06470,SP_RS06470,SP_1318
1136,1242705,1243712,SP_RS06475,SP_RS06475,SP_1319
1137,1243777,1244358,SP_RS06480,SP_RS06480,SP_1320
1138,1244392,1244868,SP_RS12820,SP_RS12820,SP_1321
1139,1244884,1246875,SP_RS06490,SP_RS06490,SP_1322
1140,1246865,1247188,SP_RS06495,SP_RS06495,SP_1323
1141,1247213,1248103,SP_RS06500,SP_RS06500,SP_1324
1142,1248260,1249369,SP_RS06505,SP_RS06505,SP_1325
1143,1249409,1251631,SP_RS06510,SP_RS06510,SP_1326
1144,1251633,1252091,SP_RS06515,SP_RS06515,SP_1327
1145,1252110,1253651,SP_RS06520,SP_RS06520,SP_1328
1146,1253679,1254596,SP_RS06525,SP_RS06525,SP_1329
1147,1254621,1255322,SP_RS06530,SP_RS06530,SP_1330
1148,1255327,1256136,SP_RS06535,SP_RS06535,SP_1331
1149,1256535,1257122,SP_RS06540,SP_RS06540,SP_1332
1150,1257125,1257358,SP_RS06545,SP_RS06545,SP_1333
1151,1257371,1257751,SP_RS06550,SP_RS06550,SP_1334
1152,1259720,1261066,SP_RS06565,SP_RS06565,SP_1337
1153,1261687,1261824,SP_RS12825,SP_RS12825,SP_1339
1154,1261957,1263276,SP_RS06575,SP_RS06575,SP_1340
1155,1263279,1264019,SP_RS06580,SP_RS06580,SP_1341
1156,1264034,1265641,SP_RS12200,SP_RS12200,SP_1342
1157,1265638,1267578,SP_RS06590,SP_RS06590,SP_1343
1158,1267611,1270220,SP_RS06595,SP_RS06595,SP_1344
1159,1270399,1270536,SP_RS12830,SP_RS12830,SP_1345
1160,1270738,1271325,SP_RS06600,SP_RS06600,SP_1346
1161,1271418,1271561,SP_RS13050,SP_RS13050,SP_1347
1162,1271574,1271954,SP_RS06605,SP_RS06605,SP_1348
1163,1272838,1274184,SP_RS06620,SP_RS06620,SP_1352
1164,1274614,1274982,rplL,SP_RS06625,SP_1354
1165,1275058,1275558,SP_RS06630,SP_RS06630,SP_1355
1166,1275807,1277066,SP_RS06635,SP_RS06635,SP_1356
1167,1277458,1279209,SP_RS06640,SP_RS06640,SP_1357
1168,1279211,1280935,SP_RS06645,SP_RS06645,SP_1358
1169,1280993,1281931,msrB,SP_RS06650,SP_1359
1170,1282226,1283095,SP_RS06660,SP_RS06660,SP_1360
1171,1283097,1284383,SP_RS06665,SP_RS06665,SP_1361
1172,1284534,1285271,mecA,SP_RS06670,SP_1362
1173,1285471,1286505,SP_RS06675,SP_RS06675,SP_1363
1174,1286534,1287967,SP_RS06680,SP_RS06680,SP_1364
1175,1287983,1288969,SP_RS06685,SP_RS06685,SP_1365
1176,1288971,1290074,SP_RS06690,SP_RS06690,SP_1366
1177,1290064,1290909,SP_RS06695,SP_RS06695,SP_1367
1178,1291188,1292462,psr,SP_RS06705,SP_1368
1179,1292459,1293307,pheA,SP_RS06710,SP_1369
1180,1293304,1293780,SP_RS06715,SP_RS06715,SP_1370
1181,1293773,1295056,aroA,SP_RS06720,SP_1371
1182,1295148,1295486,SP_RS06725,SP_RS06725,SP_1372
1183,1295497,1296600,SP_RS06730,SP_RS06730,SP_1373
1184,1296610,1297776,aroC,SP_RS06735,SP_1374
1185,1297786,1298853,aroB,SP_RS06740,SP_1375
1186,1298872,1299726,SP_RS06745,SP_RS06745,SP_1376
1187,1299716,1300393,SP_RS06750,SP_RS06750,SP_1377
1188,1300390,1301553,SP_RS06755,SP_RS06755,SP_1378
1189,1302240,1303874,SP_RS06765,SP_RS06765,SP_1380
1190,1303855,1304604,SP_RS06770,SP_RS06770,SP_1381
1191,1304783,1306237,SP_RS06775,SP_RS06775,SP_1382
1192,1306327,1308945,alaS,SP_RS06780,SP_1383
1193,1308967,1309452,SP_RS06785,SP_RS06785,SP_1384
1194,1309727,1309966,SP_RS06790,SP_RS06790,SP_1385
1195,1310219,1311289,SP_RS06795,SP_RS06795,SP_1386
1196,1311286,1312059,SP_RS06800,SP_RS06800,SP_1387
1197,1312056,1312862,SP_RS06805,SP_RS06805,SP_1388
1198,1312843,1314000,SP_RS06810,SP_RS06810,SP_1389
1199,1314059,1315009,murB,SP_RS06815,SP_1390
1200,1315121,1315873,SP_RS06820,SP_RS06820,SP_1391
1201,1315883,1316614,budA,SP_RS06825,SP_1392
1202,1316756,1318027,SP_RS06830,SP_RS06830,SP_1393
1203,1318047,1318862,SP_RS06835,SP_RS06835,SP_1394
1204,1319019,1319672,phoU,SP_RS06840,SP_1395
1205,1319684,1320442,pstB,SP_RS06845,SP_1396
1206,1320455,1321258,pstB,SP_RS06850,SP_1397
1207,1321269,1322153,pstA,SP_RS06855,SP_1398
1208,1322143,1323060,pstC,SP_RS06860,SP_1399
1209,1323060,1323938,pstS,SP_RS06865,SP_1400
1210,1324512,1325816,SP_RS06870,SP_RS06870,SP_1402
1211,1325817,1326590,SP_RS06875,SP_RS06875,SP_1403
1212,1326580,1326858,SP_RS06880,SP_RS06880,SP_1404
1213,1326858,1327259,SP_RS06885,SP_RS06885,SP_1405
1214,1327469,1328086,SP_RS06890,SP_RS06890,SP_1406
1215,1328076,1328849,SP_RS06895,SP_RS06895,SP_1407
1216,1328860,1329597,SP_RS06900,SP_RS06900,SP_1408
1217,1329602,1330732,SP_RS06905,SP_RS06905,SP_1409
1218,1330816,1331205,SP_RS06910,SP_RS06910,SP_1410
1219,1331221,1331604,SP_RS06915,SP_RS06915,SP_1411
1220,1331605,1332393,SP_RS06920,SP_RS06920,SP_1412
1221,1332386,1333321,SP_RS06925,SP_RS06925,SP_1413
1222,1333451,1333627,SP_RS06930,SP_RS06930,SP_1414
1223,1333773,1334474,SP_RS06935,SP_RS06935,SP_1415
1224,1334625,1335653,queA,SP_RS06940,SP_1416
1225,1336314,1336703,SP_RS06945,SP_RS06945,NA
1226,1336757,1337449,SP_RS12215,SP_RS12215,NA
1227,1338003,1339349,SP_RS06955,SP_RS06955,SP_1418
1228,1339908,1340459,SP_RS06960,SP_RS06960,SP_1419
1229,1340809,1341633,nadE,SP_RS06965,SP_1420
1230,1341630,1343090,SP_RS06970,SP_RS06970,SP_1421
1231,1343206,1343694,SP_RS06975,SP_RS06975,SP_1422
1232,1343684,1343893,SP_RS06980,SP_RS06980,SP_1423
1233,1344918,1345652,SP_RS06995,SP_RS06995,SP_1426
1234,1346961,1347272,SP_RS12225,SP_RS12225,SP_1428
1235,1347287,1348573,SP_RS07010,SP_RS07010,SP_1429
1236,1349197,1349379,SP_RS07015,SP_RS07015,NA
1237,1349389,1349754,SP_RS12235,SP_RS12235,SP_1430
1238,1349751,1350941,SP_RS07025,SP_RS07025,SP_1431
1239,1351451,1352443,SP_RS07030,SP_RS07030,SP_1433
1240,1352603,1354357,SP_RS07035,SP_RS07035,SP_1434
1241,1354341,1356062,SP_RS07040,SP_RS07040,SP_1435
1242,1356073,1356702,SP_RS07045,SP_RS07045,SP_1436
1243,1356603,1357160,SP_RS07050,SP_RS07050,SP_1437
1244,1357148,1358272,SP_RS07055,SP_RS07055,SP_1438
1245,1358413,1359759,SP_RS07060,SP_RS07060,SP_1439
1246,1361531,1362307,SP_RS07075,SP_RS07075,NA
1247,1362231,1362425,SP_RS07080,SP_RS07080,NA
1248,1362823,1363008,SP_RS07090,SP_RS07090,SP_1443
1249,1363255,1364511,SP_RS07095,SP_RS07095,SP_1444
1250,1364734,1366296,guaA,SP_RS07100,SP_1445
1251,1366438,1367136,SP_RS07105,SP_RS07105,SP_1446
1252,1367179,1368075,SP_RS07110,SP_RS07110,SP_1447
1253,1368084,1369019,SP_RS07115,SP_RS07115,SP_1448
1254,1369016,1369741,SP_RS07120,SP_RS07120,SP_1449
1255,1369825,1370460,SP_RS07125,SP_RS07125,SP_1450
1256,1370462,1371289,SP_RS07130,SP_RS07130,SP_1451
1257,1372898,1373509,SP_RS07155,SP_RS07155,SP_1456
1258,1373554,1374282,rlmB,SP_RS07160,SP_1457
1259,1374321,1375232,trxB,SP_RS07165,SP_1458
1260,1375298,1375522,SP_RS07170,SP_RS07170,SP_1459
1261,1375600,1376343,SP_RS07175,SP_RS07175,SP_1460
1262,1376343,1377143,SP_RS07180,SP_RS07180,SP_1461
1263,1377301,1377657,SP_RS07185,SP_RS07185,SP_1462
1264,1377651,1378181,SP_RS07190,SP_RS07190,SP_1463
1265,1378181,1378675,SP_RS07195,SP_RS07195,SP_1464
1266,1378810,1379256,SP_RS07200,SP_RS07200,SP_1465
1267,1379253,1379900,SP_RS07205,SP_RS07205,SP_1466
1268,1379921,1380502,pdxT,SP_RS07210,SP_1467
1269,1380503,1381378,pdxS,SP_RS07215,SP_1468
1270,1381530,1382909,SP_RS07220,SP_RS07220,SP_1469
1271,1383203,1384126,SP_RS07225,SP_RS07225,SP_1470
1272,1384186,1384791,SP_RS07230,SP_RS07230,SP_1471
1273,1384810,1386054,SP_RS07235,SP_RS07235,SP_1472
1274,1386277,1386534,SP_RS07240,SP_RS07240,SP_1473
1275,1386576,1388612,SP_RS07245,SP_RS07245,SP_1474
1276,1388824,1389741,glyQ,SP_RS07250,SP_1475
1277,1391145,1391987,SP_RS07260,SP_RS07260,SP_1478
1278,1392101,1393492,SP_RS07265,SP_RS07265,SP_1479
1279,1394319,1395296,SP_RS07280,SP_RS07280,SP_1482
1280,1395293,1396375,SP_RS07285,SP_RS07285,SP_1483
1281,1399336,1400532,tuf,SP_RS07325,SP_1489
1282,1401454,1402323,SP_RS07340,SP_RS07340,SP_1491
1283,1402547,1403155,SP_RS07345,SP_RS07345,SP_1492
1284,1403113,1404219,SP_RS07350,SP_RS07350,SP_1493
1285,1404330,1404584,SP_RS07355,SP_RS07355,SP_1494
1286,1404942,1405388,SP_RS12260,SP_RS12260,SP_1496
1287,1406020,1407738,SP_RS07375,SP_RS07375,SP_1498
1288,1407849,1408196,SP_RS07380,SP_RS07380,SP_1499
1289,1408475,1409311,SP_RS07385,SP_RS07385,SP_1500
1290,1409324,1409953,SP_RS07390,SP_RS07390,SP_1501
1291,1409963,1410604,SP_RS07395,SP_RS07395,SP_1502
1292,1410910,1412256,SP_RS07400,SP_RS07400,SP_1503
1293,1412458,1413687,SP_RS07405,SP_RS07405,SP_1504
1294,1413677,1414843,SP_RS07410,SP_RS07410,SP_1505
1295,1414987,1416000,SP_RS07415,SP_RS07415,SP_1506
1296,1416045,1416464,SP_RS07420,SP_RS07420,SP_1507
1297,1416475,1417881,atpD,SP_RS07425,SP_1508
1298,1417967,1418845,SP_RS07430,SP_RS07430,SP_1509
1299,1418861,1420366,atpA,SP_RS07435,SP_1510
1300,1420381,1420917,SP_RS07440,SP_RS07440,SP_1511
1301,1420917,1421411,atpF,SP_RS07445,SP_1512
1302,1421425,1422141,atpB,SP_RS07450,SP_1513
1303,1422176,1422376,SP_RS07455,SP_RS07455,SP_1514
1304,1423902,1424300,SP_RS07465,SP_RS07465,SP_1516
1305,1424808,1425290,greA,SP_RS07470,SP_1517
1306,1425361,1427016,mltG,SP_RS07475,SP_1518
1307,1427097,1427591,SP_RS07480,SP_RS07480,SP_1519
1308,1427588,1428052,SP_RS07485,SP_RS07485,SP_1520
1309,1428062,1429396,SP_RS07490,SP_RS07490,SP_1521
1310,1429407,1430024,SP_RS07495,SP_RS07495,SP_1522
1311,1430072,1433170,SP_RS07500,SP_RS07500,SP_1523
1312,1433263,1434429,SP_RS07505,SP_RS07505,SP_1524
1313,1434437,1435531,SP_RS07510,SP_RS07510,SP_1525
1314,1435689,1436810,SP_RS12290,SP_RS12290,SP_1526
1315,1436819,1437364,SP_RS07520,SP_RS07520,NA
1316,1437536,1439494,SP_RS07525,SP_RS07525,SP_1527
1317,1439697,1441319,SP_RS07530,SP_RS07530,SP_1529
1318,1441425,1442870,SP_RS07535,SP_RS07535,SP_1530
1319,1442913,1443110,SP_RS07540,SP_RS07540,SP_1531
1320,1443844,1444356,SP_RS07550,SP_RS07550,SP_1533
1321,1444442,1445377,SP_RS07555,SP_RS07555,SP_1534
1322,1445448,1445747,SP_RS07560,SP_RS07560,SP_1535
1323,1445737,1446486,SP_RS07565,SP_RS07565,SP_1536
1324,1446540,1446899,SP_RS07570,SP_RS07570,SP_1537
1325,1446901,1448301,SP_RS07575,SP_RS07575,SP_1538
1326,1448596,1448835,SP_RS07580,SP_RS07580,SP_1539
1327,1448867,1449337,ssbA,SP_RS07585,SP_1540
1328,1449349,1449639,SP_RS07590,SP_RS07590,SP_1541
1329,1449792,1451138,asnS,SP_RS07595,SP_1542
1330,1451154,1451444,SP_RS07600,SP_RS07600,SP_1543
1331,1451512,1452699,SP_RS07605,SP_RS07605,SP_1544
1332,1452696,1453184,SP_RS07610,SP_RS07610,SP_1545
1333,1453505,1454053,SP_RS07620,SP_RS07620,SP_1546
1334,1454330,1455058,yaaA,SP_RS07625,SP_1547
1335,1455137,1455301,SP_RS07630,SP_RS07630,NA
1336,1455368,1456963,SP_RS07635,SP_RS07635,SP_1548
1337,1456975,1457385,SP_RS07640,SP_RS07640,SP_1549
1338,1457501,1458292,yghU,SP_RS07645,SP_1550
1339,1458305,1461001,SP_RS07650,SP_RS07650,SP_1551
1340,1461305,1462489,mntE,SP_RS07655,SP_1552
1341,1462632,1464503,SP_RS07660,SP_RS07660,SP_1553
1342,1464500,1465684,SP_RS07665,SP_RS07665,SP_1554
1343,1465696,1466463,SP_RS07670,SP_RS07670,SP_1555
1344,1466740,1467588,SP_RS07675,SP_RS07675,SP_1557
1345,1467590,1467964,SP_RS07680,SP_RS07680,SP_1558
1346,1468038,1469390,SP_RS07685,SP_RS07685,SP_1559
1347,1469414,1470193,SP_RS07690,SP_RS07690,SP_1560
1348,1470180,1471037,cdaA,SP_RS07695,SP_1561
1349,1471173,1472138,SP_RS07705,SP_RS07705,SP_1563
1350,1472172,1473083,whiA,SP_RS07710,SP_1564
1351,1473080,1474057,SP_RS07715,SP_RS07715,SP_1565
1352,1474054,1474944,rapZ,SP_RS07720,SP_1566
1353,1474996,1475376,SP_RS07725,SP_RS07725,SP_1567
1354,1475387,1475974,SP_RS07730,SP_RS07730,SP_1568
1355,1475983,1477215,clpX,SP_RS07735,SP_1569
1356,1477417,1477923,SP_RS07745,SP_RS07745,SP_1571
1357,1478053,1478571,SP_RS07750,SP_RS07750,SP_1572
1358,1480609,1481367,SP_RS07760,SP_RS07760,SP_1574
1359,1481465,1482142,SP_RS07765,SP_RS07765,SP_1575
1360,1482151,1483095,SP_RS07770,SP_RS07770,SP_1576
1361,1483277,1483789,SP_RS07775,SP_RS07775,SP_1577
1362,1483876,1484634,SP_RS07780,SP_RS07780,SP_1578
1363,1484842,1484988,SP_RS13055,SP_RS13055,NA
1364,1485135,1486265,ugpC,SP_RS07790,SP_1580
1365,1486593,1487849,SP_RS07795,SP_RS07795,SP_1582
1366,1487972,1488057,SP_RS07800,SP_RS07800,SP_2251
1367,1488139,1488714,SP_RS07805,SP_RS07805,SP_1583
1368,1488714,1489502,codY,SP_RS07810,SP_1584
1369,1489766,1491340,SP_RS07815,SP_RS07815,SP_1586
1370,1491539,1492765,SP_RS07820,SP_RS07820,SP_1587
1371,1492958,1494274,SP_RS07825,SP_RS07825,SP_1588
1372,1494373,1495716,SP_RS07830,SP_RS07830,SP_1589
1373,1495716,1496498,SP_RS07835,SP_RS07835,SP_1590
1374,1496624,1497706,SP_RS07840,SP_RS07840,SP_1591
1375,1497699,1497902,SP_RS12300,SP_RS12300,SP_1592
1376,1499265,1500611,SP_RS07860,SP_RS07860,SP_1595
1377,1501234,1501695,SP_RS07870,SP_RS07870,SP_1597
1378,1501673,1502446,SP_RS07875,SP_RS07875,SP_1598
1379,1502436,1503185,truA,SP_RS07880,SP_1599
1380,1503503,1504654,SP_RS07890,SP_RS07890,SP_1600
1381,1504894,1505523,SP_RS07895,SP_RS07895,SP_1601
1382,1505526,1505864,SP_RS07900,SP_RS07900,SP_1602
1383,1505995,1506666,SP_RS07905,SP_RS07905,SP_1603
1384,1506675,1507151,SP_RS07910,SP_RS07910,SP_1604
1385,1507203,1507409,SP_RS12320,SP_RS12320,SP_1605
1386,1507460,1508425,SP_RS07920,SP_RS07920,SP_1606
1387,1508427,1509446,galE,SP_RS07925,SP_1607
1388,1509747,1510850,SP_RS07930,SP_RS07930,SP_1608
1389,1510867,1511664,SP_RS07935,SP_RS07935,SP_1609
1390,1511651,1512328,SP_RS07940,SP_RS07940,SP_1610
1391,1513339,1513869,SP_RS13175,SP_RS13175,NA
1392,1515589,1517556,tkt,SP_RS07965,SP_1615
1393,1517593,1518288,SP_RS07970,SP_RS07970,SP_1616
1394,1518299,1519384,SP_RS07975,SP_RS07975,SP_1617
1395,1519410,1519721,SP_RS07980,SP_RS07980,SP_1618
1396,1519749,1520198,SP_RS07985,SP_RS07985,SP_1619
1397,1520176,1520604,SP_RS07990,SP_RS07990,SP_1620
1398,1520597,1522060,SP_RS07995,SP_RS07995,SP_1621
1399,1522724,1523197,tnpA,SP_RS08000,SP_1622
1400,1523328,1525664,SP_RS08005,SP_RS08005,SP_1623
1401,1525797,1526546,SP_RS08010,SP_RS08010,SP_1624
1402,1526838,1527452,SP_RS08015,SP_RS08015,SP_1625
1403,1528268,1528537,rpsO,SP_RS08020,SP_1626
1404,1528678,1529307,SP_RS08025,SP_RS08025,SP_1627
1405,1530175,1530498,SP_RS08035,SP_RS08035,SP_1630
1406,1530556,1532499,thrS,SP_RS08040,SP_1631
1407,1532548,1533522,SP_RS08045,SP_RS08045,SP_1632
1408,1533515,1534192,SP_RS08050,SP_RS08050,SP_1633
1409,1534348,1535421,SP_RS08055,SP_RS08055,SP_1634
1410,1535512,1535814,SP_RS08060,SP_RS08060,SP_1635
1411,1535882,1536319,SP_RS08065,SP_RS08065,SP_1636
1412,1536395,1537237,SP_RS08070,SP_RS08070,SP_1637
1413,1537349,1537999,SP_RS08075,SP_RS08075,SP_1638
1414,1538071,1539345,SP_RS08080,SP_RS08080,SP_1639
1415,1539616,1540263,SP_RS08090,SP_RS08090,SP_1640
1416,1540394,1540807,SP_RS08095,SP_RS08095,SP_1641
1417,1540826,1541011,SP_RS08100,SP_RS08100,SP_1642
1418,1541278,1541721,dtd,SP_RS08105,SP_1644
1419,1541751,1543973,SP_RS08110,SP_RS08110,SP_1645
1420,1544932,1545561,SP_RS08125,SP_RS08125,SP_1646
1421,1545684,1547576,pepO,SP_RS08130,SP_1647
1422,1547867,1548589,SP_RS08135,SP_RS08135,SP_1648
1423,1548586,1549434,SP_RS08140,SP_RS08140,SP_1649
1424,1549466,1550395,psaA,SP_RS08145,SP_1650
1425,1550518,1551009,tpx,SP_RS08150,SP_1651
1426,1551105,1553813,SP_RS08155,SP_RS08155,SP_1652
1427,1553815,1554516,SP_RS08160,SP_RS08160,SP_1653
1428,1554766,1557177,SP_RS08165,SP_RS08165,SP_1654
1429,1557230,1557922,SP_RS08170,SP_RS08170,SP_1655
1430,1557973,1558161,SP_RS08175,SP_RS08175,SP_1656
1431,1559245,1562037,SP_RS08190,SP_RS08190,SP_1659
1432,1562385,1563173,divIVA,SP_RS08205,SP_1661
1433,1563182,1563967,SP_RS08210,SP_RS08210,SP_1662
1434,1563964,1564227,SP_RS08215,SP_RS08215,SP_1663
1435,1564227,1564766,SP_RS08220,SP_RS08220,SP_1664
1436,1564776,1565447,SP_RS08225,SP_RS08225,SP_1665
1437,1565452,1566711,ftsZ,SP_RS08230,SP_1666
1438,1566728,1568101,ftsA,SP_RS08235,SP_1667
1439,1568320,1569024,SP_RS08240,SP_RS08240,SP_1668
1440,1569115,1569726,SP_RS08245,SP_RS08245,SP_1669
1441,1569713,1571086,SP_RS08250,SP_RS08250,SP_1670
1442,1571170,1572213,SP_RS08255,SP_RS08255,SP_1671
1443,1572389,1572985,recR,SP_RS08260,SP_1672
1444,1572996,1575053,pbp2b,SP_RS08265,SP_1673
1445,1575253,1576104,SP_RS08270,SP_RS08270,SP_1674
1446,1576120,1577004,SP_RS08275,SP_RS08275,SP_1675
1447,1577022,1577939,SP_RS08280,SP_RS08280,SP_1676
1448,1578108,1578752,SP_RS08285,SP_RS08285,SP_1677
1449,1579029,1579373,SP_RS08295,SP_RS08295,SP_1679
1450,1579470,1579922,SP_RS08300,SP_RS08300,SP_1680
1451,1580194,1581033,SP_RS08305,SP_RS08305,SP_1681
1452,1581049,1581915,SP_RS08310,SP_RS08310,SP_1682
1453,1582167,1583495,SP_RS08315,SP_RS08315,SP_1683
1454,1583620,1585137,SP_RS08320,SP_RS08320,SP_1684
1455,1585156,1585854,SP_RS08325,SP_RS08325,SP_1685
1456,1586028,1587131,SP_RS08330,SP_RS08330,SP_1686
1457,1587143,1589236,nanB,SP_RS08335,SP_1687
1458,1589254,1590087,SP_RS08340,SP_RS08340,SP_1688
1459,1590087,1590971,SP_RS08345,SP_RS08345,SP_1689
1460,1591050,1592387,SP_RS08350,SP_RS08350,SP_1690
1461,1592406,1592858,SP_RS08355,SP_RS08355,SP_1691
1462,1593972,1595228,SP_RS08360,SP_RS08360,SP_1692
1463,1598470,1598697,SP_RS08370,SP_RS08370,SP_1694
1464,1599458,1600438,SP_RS08380,SP_RS08380,SP_1695
1465,1600776,1600925,SP_RS08385,SP_RS08385,NA
1466,1600953,1602968,recG,SP_RS08390,SP_1697
1467,1602987,1604090,SP_RS08395,SP_RS08395,SP_1698
1468,1604080,1604448,SP_RS08400,SP_RS08400,SP_1699
1469,1604487,1605518,SP_RS08405,SP_RS08405,SP_1700
1470,1605520,1606551,SP_RS08410,SP_RS08410,SP_1701
1471,1606632,1609145,secA,SP_RS08415,SP_1702
1472,1609291,1609578,SP_RS08420,SP_RS08420,SP_1703
1473,1609606,1610238,SP_RS08425,SP_RS08425,SP_1704
1474,1610242,1610883,SP_RS08430,SP_RS08430,SP_1705
1475,1610876,1611667,SP_RS08435,SP_RS08435,SP_1706
1476,1611852,1612187,SP_RS08440,SP_RS08440,SP_1707
1477,1612327,1612662,SP_RS08445,SP_RS08445,SP_1708
1478,1612751,1614061,der,SP_RS08450,SP_1709
1479,1614075,1614788,SP_RS08455,SP_RS08455,SP_1710
1480,1614785,1615681,dnaI,SP_RS08460,SP_1711
1481,1615682,1616851,SP_RS08465,SP_RS08465,SP_1712
1482,1616852,1617325,nrdR,SP_RS08470,SP_1713
1483,1617465,1617830,SP_RS08475,SP_RS08475,SP_1714
1484,1618546,1619313,SP_RS08485,SP_RS08485,NA
1485,1619725,1620924,SP_RS08490,SP_RS08490,SP_1716
1486,1620921,1621814,SP_RS08495,SP_RS08495,SP_1717
1487,1623130,1623747,SP_RS08510,SP_RS08510,SP_1720
1488,1624067,1624954,SP_RS08515,SP_RS08515,SP_1721
1489,1625103,1626986,SP_RS08520,SP_RS08520,SP_1722
1490,1627362,1628816,SP_RS08530,SP_RS08530,SP_1724
1491,1628797,1629762,SP_RS08535,SP_RS08535,SP_1725
1492,1629797,1631071,SP_RS08540,SP_RS08540,SP_1726
1493,1631071,1632243,SP_RS08545,SP_RS08545,SP_1727
1494,1632374,1632622,SP_RS08550,SP_RS08550,SP_1728
1495,1633375,1633824,SP_RS08560,SP_RS08560,SP_1730
1496,1633826,1634584,SP_RS08565,SP_RS08565,SP_1731
1497,1634699,1636678,pknB,SP_RS08570,SP_1732
1498,1636675,1637415,SP_RS08575,SP_RS08575,SP_1733
1499,1637430,1638743,rsmB,SP_RS08580,SP_1734
1500,1638736,1639671,fmt,SP_RS08585,SP_1735
1501,1639684,1642080,SP_RS08590,SP_RS08590,SP_1736
1502,1642146,1642460,SP_RS08595,SP_RS08595,SP_1737
1503,1642485,1643111,gmk,SP_RS08600,SP_1738
1504,1643241,1644854,SP_RS08605,SP_RS08605,SP_1739
1505,1645045,1645299,SP_RS08610,SP_RS08610,SP_1740
1506,1645303,1645557,SP_RS08615,SP_RS08615,SP_1741
1507,1645795,1646892,SP_RS08620,SP_RS08620,SP_1742
1508,1646902,1647648,SP_RS08625,SP_RS08625,SP_1743
1509,1647751,1648104,rsfS,SP_RS08630,SP_1744
1510,1648117,1648617,SP_RS08635,SP_RS08635,SP_1745
1511,1648618,1649211,yqeK,SP_RS08640,SP_1746
1512,1649211,1649840,SP_RS08645,SP_RS08645,SP_1747
1513,1649892,1650203,yhbY,SP_RS08650,SP_1748
1514,1650417,1651523,yqeH,SP_RS08655,SP_1749
1515,1651526,1652116,SP_RS08660,SP_RS08660,SP_1750
1516,1652068,1652976,SP_RS08665,SP_RS08665,SP_1751
1517,1653033,1653593,SP_RS08670,SP_RS08670,SP_1752
1518,1655009,1655962,SP_RS08680,SP_RS08680,SP_1754
1519,1656378,1656602,SP_RS08690,SP_RS08690,SP_1755
1520,1656607,1656786,asp4,SP_RS08695,SP_1756
1521,1656788,1658125,gtfB,SP_RS08700,SP_1757
1522,1658118,1659629,gtfA,SP_RS08705,SP_1758
1523,1659641,1662013,secA2,SP_RS08710,SP_1759
1524,1662006,1662446,asp3,SP_RS08715,SP_1760
1525,1662443,1663978,asp2,SP_RS08720,SP_1761
1526,1663962,1665542,asp1,SP_RS08725,SP_1762
1527,1665552,1666769,secY2,SP_RS08730,SP_1763
1528,1666826,1667731,SP_RS08735,SP_RS08735,SP_1764
1529,1667731,1668927,SP_RS08740,SP_RS08740,SP_1765
1530,1668936,1670156,SP_RS08745,SP_RS08745,SP_1766
1531,1670187,1672631,SP_RS08750,SP_RS08750,SP_1767
1532,1672641,1673651,SP_RS08755,SP_RS08755,SP_1768
1533,1673680,1674270,SP_RS08760,SP_RS08760,SP_1769
1534,1674278,1674556,SP_RS08765,SP_RS08765,NA
1535,1674561,1675775,SP_RS08770,SP_RS08770,SP_1770
1536,1676082,1678166,SP_RS08775,SP_RS08775,SP_1771
1537,1678227,1692710,SP_RS12370,SP_RS12370,SP_1772
1538,1692958,1693419,SP_RS08790,SP_RS08790,SP_1773
1539,1693386,1693487,SP_RS12375,SP_RS12375,NA
1540,1693796,1694176,SP_RS08795,SP_RS08795,SP_1774
1541,1694275,1694496,SP_RS08800,SP_RS08800,SP_1775
1542,1694513,1694827,trxA,SP_RS08805,SP_1776
1543,1696189,1696857,SP_RS08820,SP_RS08820,SP_1778
1544,1696968,1697522,SP_RS08825,SP_RS08825,SP_1779
1545,1697590,1697736,SP_RS12895,SP_RS12895,NA
1546,1697768,1699564,pepF,SP_RS08835,SP_1780
1547,1699575,1700318,SP_RS08840,SP_RS08840,SP_1781
1548,1700320,1701270,SP_RS08845,SP_RS08845,SP_1782
1549,1701406,1701834,SP_RS08850,SP_RS08850,SP_1783
1550,1701815,1702903,SP_RS08855,SP_RS08855,SP_1784
1551,1702922,1703392,SP_RS08860,SP_RS08860,SP_1785
1552,1703683,1704135,SP_RS08865,SP_RS08865,SP_1786
1553,1704172,1704351,SP_RS08870,SP_RS08870,SP_1787
1554,1704488,1704667,SP_RS08875,SP_RS08875,NA
1555,1704832,1705047,SP_RS08880,SP_RS08880,SP_1789
1556,1705345,1706616,SP_RS08885,SP_RS08885,SP_1790
1557,1706881,1706953,SP_RS08890,SP_RS08890,SP_2252
1558,1707036,1707152,SP_RS13185,SP_RS13185,SP_1791
1559,1707173,1708429,SP_RS08895,SP_RS08895,SP_1792
1560,1708735,1709310,SP_RS08900,SP_RS08900,SP_1793
1561,1709561,1709974,SP_RS08905,SP_RS08905,SP_1794
1562,1710372,1711691,SP_RS08910,SP_RS08910,SP_1795
1563,1711701,1713317,SP_RS08915,SP_RS08915,SP_1796
1564,1713346,1714236,SP_RS08920,SP_RS08920,SP_1797
1565,1714247,1715164,SP_RS08925,SP_RS08925,SP_1798
1566,1715315,1716316,SP_RS08930,SP_RS08930,SP_1799
1567,1716678,1718159,SP_RS08935,SP_RS08935,SP_1800
1568,1718602,1718766,SP_RS08940,SP_RS08940,SP_1801
1569,1718850,1719416,amaP,SP_RS08945,SP_1802
1570,1719428,1719598,SP_RS08950,SP_RS08950,SP_1803
1571,1719637,1720245,SP_RS08955,SP_RS08955,SP_1804
1572,1720276,1720479,SP_RS08960,SP_RS08960,SP_1805
1573,1721006,1721452,SP_RS08970,SP_RS08970,SP_1807
1574,1721522,1722181,SP_RS08975,SP_RS08975,SP_1808
1575,1722233,1723384,SP_RS08980,SP_RS08980,SP_1809
1576,1723399,1724130,SP_RS08985,SP_RS08985,SP_1810
1577,1724432,1725208,trpA,SP_RS08990,SP_1811
1578,1725201,1726424,trpB,SP_RS08995,SP_1812
1579,1726402,1727001,SP_RS09000,SP_RS09000,SP_1813
1580,1726988,1727755,trpC,SP_RS09005,SP_1814
1581,1727752,1728756,trpD,SP_RS09010,SP_1815
1582,1728767,1729333,SP_RS09015,SP_RS09015,SP_1816
1583,1729330,1730691,trpE,SP_RS09020,SP_1817
1584,1731967,1732968,SP_RS09035,SP_RS09035,SP_1821
1585,1733076,1733444,SP_RS09040,SP_RS09040,SP_1822
1586,1733540,1734250,SP_RS09045,SP_RS09045,SP_1823
1587,1734253,1735944,SP_RS09050,SP_RS09050,SP_1824
1588,1735956,1736966,SP_RS09055,SP_RS09055,SP_1825
1589,1737069,1738136,SP_RS09060,SP_RS09060,SP_1826
1590,1738161,1738820,SP_RS09065,SP_RS09065,SP_1827
1591,1739000,1740010,galE,SP_RS09070,SP_1828
1592,1740023,1741498,galT,SP_RS09075,SP_1829
1593,1741511,1742152,SP_RS09080,SP_RS09080,SP_1830
1594,1742210,1742422,SP_RS12905,SP_RS12905,NA
1595,1742753,1743049,SP_RS09090,SP_RS09090,SP_1832
1596,1743033,1745192,pfbA,SP_RS09095,SP_1833
1597,1745472,1745702,SP_RS09100,SP_RS09100,SP_1834
1598,1746322,1747548,SP_RS09110,SP_RS09110,SP_1837
1599,1747591,1748283,SP_RS09115,SP_RS09115,SP_1838
1600,1748456,1750207,SP_RS09120,SP_RS09120,SP_1839
1601,1750197,1751942,SP_RS09125,SP_RS09125,SP_1840
1602,1752148,1752525,SP_RS09135,SP_RS09135,SP_1841
1603,1753187,1754014,xth,SP_RS09150,SP_1845
1604,1754026,1754169,SP_RS09155,SP_RS09155,NA
1605,1754280,1754408,SP_RS09160,SP_RS09160,NA
1606,1755277,1755858,SP_RS09165,SP_RS09165,SP_1847
1607,1755858,1757120,SP_RS09170,SP_RS09170,SP_1848
1608,1757170,1757631,SP_RS09175,SP_RS09175,SP_1849
1609,1757628,1758392,SP_RS09180,SP_RS09180,SP_1850
1610,1758573,1758977,SP_RS09185,SP_RS09185,SP_1851
1611,1759048,1760529,SP_RS09190,SP_RS09190,SP_1852
1612,1760548,1761726,SP_RS09195,SP_RS09195,SP_1853
1613,1761891,1762898,galR,SP_RS09200,SP_1854
1614,1762944,1763981,SP_RS09205,SP_RS09205,SP_1855
1615,1763982,1764335,SP_RS09210,SP_RS09210,SP_1856
1616,1764579,1765469,SP_RS09215,SP_RS09215,SP_1857
1617,1765602,1766138,SP_RS09220,SP_RS09220,SP_1858
1618,1766305,1767111,SP_RS09225,SP_RS09225,SP_1859
1619,1767456,1768976,SP_RS09230,SP_RS09230,SP_1860
1620,1768969,1769697,SP_RS09235,SP_RS09235,SP_1861
1621,1769712,1770476,SP_RS09240,SP_RS09240,SP_1862
1622,1770480,1770923,SP_RS09245,SP_RS09245,SP_1863
1623,1771605,1771901,SP_RS09250,SP_RS09250,SP_1864
1624,1771923,1772987,pepA,SP_RS09255,SP_1865
1625,1773388,1774089,galE,SP_RS09260,SP_1867
1626,1774512,1775471,SP_RS09270,SP_RS09270,SP_1869
1627,1775461,1776417,SP_RS09275,SP_RS09275,SP_1870
1628,1776414,1777166,SP_RS09280,SP_RS09280,SP_1871
1629,1777262,1778227,SP_RS09285,SP_RS09285,SP_1872
1630,1778452,1778694,yidD,SP_RS09290,SP_1873
1631,1778694,1779416,SP_RS09295,SP_RS09295,SP_1874
1632,1779403,1779972,SP_RS09300,SP_RS09300,SP_1875
1633,1779991,1780719,SP_RS09305,SP_RS09305,SP_1876
1634,1780719,1781459,xerD,SP_RS09310,SP_1877
1635,1781450,1781911,SP_RS09315,SP_RS09315,SP_1878
1636,1781908,1782429,SP_RS09320,SP_RS09320,SP_1879
1637,1782405,1783376,SP_RS09325,SP_RS09325,NA
1638,1783373,1784167,racE,SP_RS09330,SP_1881
1639,1784375,1784623,SP_RS09335,SP_RS09335,SP_1882
1640,1784879,1786504,treC,SP_RS09345,SP_1883
1641,1786682,1788649,treP,SP_RS09350,SP_1884
1642,1788834,1789544,treR,SP_RS09355,SP_1885
1643,1791100,1792026,SP_RS09375,SP_RS09375,SP_1887
1644,1792037,1793104,SP_RS09380,SP_RS09380,SP_1888
1645,1793113,1794039,SP_RS09385,SP_RS09385,SP_1889
1646,1794039,1795535,SP_RS09390,SP_RS09390,SP_1890
1647,1795602,1797581,SP_RS09395,SP_RS09395,SP_1891
1648,1798266,1799459,SP_RS09400,SP_RS09400,SP_1893
1649,1799597,1801039,gtfA,SP_RS09405,SP_1894
1650,1801397,1802230,SP_RS09415,SP_RS09415,SP_1895
1651,1802244,1803110,SP_RS09420,SP_RS09420,SP_1896
1652,1803124,1804383,SP_RS09425,SP_RS09425,SP_1897
1653,1804475,1806637,SP_RS09430,SP_RS09430,SP_1898
1654,1806745,1807605,SP_RS09435,SP_RS09435,SP_1899
1655,1807602,1808537,SP_RS09440,SP_RS09440,SP_1900
1656,1808663,1808750,SP_RS09445,SP_RS09445,SP_2253
1657,1808757,1808830,SP_RS09450,SP_RS09450,SP_2254
1658,1808866,1808936,SP_RS09455,SP_RS09455,SP_2255
1659,1808956,1809028,SP_RS09460,SP_RS09460,SP_2256
1660,1809032,1809105,SP_RS09465,SP_RS09465,SP_2257
1661,1809119,1809208,SP_RS09470,SP_RS09470,SP_2258
1662,1809219,1809292,SP_RS09475,SP_RS09475,SP_2259
1663,1809306,1809379,SP_RS09480,SP_RS09480,SP_2260
1664,1809385,1809458,SP_RS09485,SP_RS09485,SP_2261
1665,1809474,1809547,SP_RS09490,SP_RS09490,SP_2262
1666,1809557,1809642,SP_RS09495,SP_RS09495,SP_2263
1667,1809650,1809721,SP_RS09500,SP_RS09500,SP_2264
1668,1809744,1809816,SP_RS09505,SP_RS09505,SP_2265
1669,1809835,1809916,SP_RS09510,SP_RS09510,SP_2266
1670,1809922,1809994,SP_RS09515,SP_RS09515,SP_2267
1671,1810019,1810091,SP_RS09520,SP_RS09520,SP_2268
1672,1810094,1810166,SP_RS09525,SP_RS09525,SP_2269
1673,1810171,1810286,rrf,SP_RS09530,SP_rrnaD5S
1674,1810363,1813264,SP_RS09535,SP_RS09535,SP_rrnaD23S
1675,1813389,1813461,SP_RS09540,SP_RS09540,SP_2270
1676,1813513,1815058,SP_RS09545,SP_RS09545,SP_rrnaD16S
1677,1815312,1815383,SP_RS09550,SP_RS09550,SP_2271
1678,1815445,1816800,rlmD,SP_RS09555,SP_1901
1679,1816838,1817614,recX,SP_RS09560,SP_1902
1680,1817703,1818236,SP_RS09565,SP_RS09565,SP_1903
1681,1820362,1821984,groL,SP_RS09585,SP_1906
1682,1822000,1822284,groES,SP_RS09590,SP_1907
1683,1822440,1822835,SP_RS09595,SP_RS09595,SP_1908
1684,1822913,1823674,SP_RS09600,SP_RS09600,SP_1909
1685,1823716,1824342,SP_RS09605,SP_RS09605,SP_1910
1686,1824358,1824675,SP_RS09610,SP_RS09610,SP_1911
1687,1824672,1824971,SP_RS09615,SP_RS09615,SP_1912
1688,1825308,1825499,SP_RS09625,SP_RS09625,NA
1689,1825660,1826334,SP_RS09630,SP_RS09630,SP_1914
1690,1826340,1826786,SP_RS09635,SP_RS09635,SP_1915
1691,1826900,1827403,SP_RS09640,SP_RS09640,SP_1916
1692,1827400,1827762,SP_RS09645,SP_RS09645,SP_1917
1693,1829726,1830175,SP_RS09660,SP_RS09660,SP_1920
1694,1830299,1831015,SP_RS09665,SP_RS09665,SP_1922
1695,1831896,1833311,ply,SP_RS09670,SP_1923
1696,1833322,1833654,SP_RS09675,SP_RS09675,SP_1924
1697,1833725,1834333,SP_RS09680,SP_RS09680,SP_1925
1698,1834346,1834804,SP_RS09685,SP_RS09685,SP_1926
1699,1834929,1835733,SP_RS12445,SP_RS12445,NA
1700,1836471,1836731,SP_RS09700,SP_RS09700,SP_1930
1701,1836790,1837341,SP_RS09705,SP_RS09705,SP_1931
1702,1837331,1837528,SP_RS09710,SP_RS09710,NA
1703,1837532,1838326,SP_RS09715,SP_RS09715,SP_1933
1704,1838734,1839159,SP_RS09720,SP_RS09720,SP_1934
1705,1839288,1839647,SP_RS09725,SP_RS09725,SP_1935
1706,1839693,1839899,SP_RS09730,SP_RS09730,NA
1707,1839886,1840047,SP_RS09735,SP_RS09735,SP_1936
1708,1840405,1841361,lytA,SP_RS09740,SP_1937
1709,1841737,1843107,SP_RS09745,SP_RS09745,SP_1939
1710,1843413,1844579,recA,SP_RS09750,SP_1940
1711,1844634,1845890,SP_RS09755,SP_RS09755,SP_1941
1712,1845975,1846991,SP_RS09760,SP_RS09760,SP_1942
1713,1846999,1847517,SP_RS09765,SP_RS09765,SP_1943
1714,1847507,1847950,tsaE,SP_RS09770,SP_1944
1715,1848036,1848656,SP_RS09775,SP_RS09775,SP_1945
1716,1849039,1849902,SP_RS09780,SP_RS09780,SP_1946
1717,1850367,1850591,pneA1,SP_RS09790,SP_1948
1718,1850598,1850786,pneA2,SP_RS09795,SP_1949
1719,1850902,1853892,lanM,SP_RS09800,SP_1950
1720,1854242,1854946,SP_RS09805,SP_RS09805,SP_1951
1721,1854927,1855856,SP_RS09810,SP_RS09810,SP_1952
1722,1855853,1857961,SP_RS09815,SP_RS09815,SP_1953
1723,1859774,1860541,SP_RS09830,SP_RS09830,SP_1956
1724,1860543,1861175,SP_RS09835,SP_RS09835,SP_1957
1725,1862121,1862534,ndk,SP_RS09845,SP_1959
1726,1862645,1866322,rpoC,SP_RS09850,SP_1960
1727,1866355,1869966,rpoB,SP_RS09855,SP_1961
1728,1870382,1870452,SP_RS09860,SP_RS09860,SP_2272
1729,1870650,1871981,SP_RS09865,SP_RS09865,SP_1963
1730,1872210,1873034,endA,SP_RS09870,SP_1964
1731,1873073,1873261,SP_RS09875,SP_RS09875,SP_1965
1732,1873254,1874537,murA,SP_RS09880,SP_1966
1733,1874561,1874791,SP_RS09885,SP_RS09885,NA
1734,1874849,1875886,SP_RS09890,SP_RS09890,SP_1967
1735,1875870,1876358,coaD,SP_RS09895,SP_1968
1736,1876348,1876887,rsmD,SP_RS09900,SP_1969
1737,1876952,1877944,SP_RS09905,SP_RS09905,SP_1970
1738,1878056,1878739,SP_RS09915,SP_RS09915,SP_1972
1739,1878795,1879535,SP_RS09920,SP_RS09920,SP_1973
1740,1879569,1879847,SP_RS09925,SP_RS09925,SP_1974
1741,1879925,1880851,yidC,SP_RS09930,SP_1975
1742,1880926,1881720,pflA,SP_RS09935,SP_1976
1743,1881846,1883096,SP_RS09940,SP_RS09940,SP_1978
1744,1883163,1883990,purR,SP_RS09945,SP_1979
1745,1884257,1885198,SP_RS09950,SP_RS09950,SP_1980
1746,1885188,1886444,SP_RS09955,SP_RS09955,SP_1981
1747,1886446,1887108,SP_RS09960,SP_RS09960,SP_1982
1748,1887071,1887727,SP_RS09965,SP_RS09965,SP_1983
1749,1887738,1888616,rsgA,SP_RS09970,SP_1984
1750,1888618,1889490,rsmA,SP_RS09975,SP_1985
1751,1889621,1889929,SP_RS09980,SP_RS09980,SP_1986
1752,1889922,1890563,SP_RS09985,SP_RS09985,SP_1987
1753,1890565,1892595,SP_RS09990,SP_RS09990,SP_1988
1754,1892864,1893763,SP_RS09995,SP_RS09995,SP_1989
1755,1893835,1894395,rnmV,SP_RS10000,SP_1990
1756,1894395,1895168,SP_RS10005,SP_RS10005,SP_1991
1757,1895473,1896366,SP_RS10010,SP_RS10010,SP_1992
1758,1896650,1896784,rpmH,SP_RS10015,SP_1993
1759,1896929,1898143,SP_RS10020,SP_RS10020,SP_1994
1760,1898755,1899207,SP_RS10030,SP_RS10030,SP_1996
1761,1899242,1900630,SP_RS10035,SP_RS10035,SP_1997
1762,1900696,1901658,SP_RS10040,SP_RS10040,SP_1998
1763,1901687,1902250,SP_RS10045,SP_RS10045,NA
1764,1902314,1903324,ccpA,SP_RS10050,SP_1999
1765,1903749,1904348,SP_RS10055,SP_RS10055,SP_2000
1766,1904349,1905446,SP_RS10060,SP_RS10060,SP_2001
1767,1905446,1906183,SP_RS10065,SP_RS10065,SP_2002
1768,1906185,1907069,SP_RS10070,SP_RS10070,SP_2003
1769,1907056,1907250,SP_RS10075,SP_RS10075,SP_2004
1770,1907247,1907378,SP_RS10080,SP_RS10080,SP_2005
1771,1908042,1908115,SP_RS10085,SP_RS10085,SP_2273
1772,1908131,1908204,SP_RS10090,SP_RS10090,SP_2274
1773,1908214,1908299,SP_RS10095,SP_RS10095,SP_2275
1774,1908307,1908378,SP_RS10100,SP_RS10100,SP_2276
1775,1908401,1908473,SP_RS10105,SP_RS10105,SP_2277
1776,1908492,1908573,SP_RS10110,SP_RS10110,SP_2278
1777,1908579,1908651,SP_RS10115,SP_RS10115,SP_2279
1778,1908676,1908748,SP_RS10120,SP_RS10120,SP_2280
1779,1908751,1908823,SP_RS10125,SP_RS10125,SP_2281
1780,1908828,1908943,rrf,SP_RS10130,SP_rrnaC5S
1781,1909020,1911921,SP_RS10135,SP_RS10135,SP_rrnaC23S
1782,1912046,1912118,SP_RS10140,SP_RS10140,SP_2282
1783,1912170,1913715,SP_RS10145,SP_RS10145,SP_rrnaC16S
1784,1913969,1914040,SP_RS10150,SP_RS10150,SP_2283
1785,1914134,1914613,SP_RS10155,SP_RS10155,SP_2006
1786,1914735,1915271,nusG,SP_RS10160,SP_2007
1787,1915326,1915502,secE,SP_RS10165,SP_2008
1788,1915512,1915664,rpmG,SP_RS10170,SP_2009
1789,1915717,1917912,pbp2a,SP_RS10175,SP_2010
1790,1918038,1918874,SP_RS10180,SP_RS10180,SP_2011
1791,1918942,1919949,gap,SP_RS10185,SP_2012
1792,1920126,1921088,SP_RS10190,SP_RS10190,SP_2013
1793,1922125,1922997,SP_RS10205,SP_RS10205,SP_2016
1794,1923234,1924544,SP_RS10210,SP_RS10210,SP_2017
1795,1924910,1925104,SP_RS10215,SP_RS10215,SP_2019
1796,1925563,1926291,SP_RS10220,SP_RS10220,SP_2020
1797,1926449,1927858,SP_RS10225,SP_RS10225,SP_2021
1798,1927876,1929171,SP_RS10230,SP_RS10230,SP_2022
1799,1929176,1929484,SP_RS10235,SP_RS10235,SP_2023
1800,1929481,1929789,SP_RS10240,SP_RS10240,SP_2024
1801,1930775,1933426,adhE,SP_RS10245,SP_2026
1802,1933726,1934136,SP_RS10250,SP_RS10250,SP_2027
1803,1934138,1934566,SP_RS10255,SP_RS10255,SP_2028
1804,1934612,1934911,yajC,SP_RS10260,SP_2029
1805,1935028,1937004,tkt,SP_RS10265,SP_2030
1806,1937118,1938209,ulaG,SP_RS10270,SP_2031
1807,1938321,1939994,SP_RS10275,SP_RS10275,SP_2032
1808,1940173,1940877,SP_RS10280,SP_RS10280,SP_2033
1809,1940879,1941742,SP_RS10285,SP_RS10285,SP_2034
1810,1941746,1942411,SP_RS10290,SP_RS10290,SP_2035
1811,1942428,1942913,SP_RS10295,SP_RS10295,SP_2036
1812,1942990,1943271,SP_RS10300,SP_RS10300,SP_2037
1813,1943294,1944751,SP_RS10305,SP_RS10305,SP_2038
1814,1944882,1945505,SP_RS10310,SP_RS10310,SP_2039
1815,1945556,1946542,SP_RS10315,SP_RS10315,SP_2040
1816,1946561,1947385,SP_RS10320,SP_RS10320,SP_2041
1817,1947360,1947731,rnpA,SP_RS10325,SP_2042
1818,1947880,1949070,SP_RS10330,SP_RS10330,SP_2044
1819,1949121,1950074,SP_RS10335,SP_RS10335,SP_2045
1820,1950866,1951279,SP_RS10350,SP_RS10350,SP_2047
1821,1951257,1951718,SP_RS10355,SP_RS10355,SP_2048
1822,1951681,1951941,SP_RS10360,SP_RS10360,SP_2049
1823,1951946,1952350,SP_RS10365,SP_RS10365,SP_2050
1824,1952343,1952669,comGC,SP_RS10370,SP_2051
1825,1952671,1953687,SP_RS10375,SP_RS10375,SP_2052
1826,1953635,1954576,SP_RS10380,SP_RS10380,SP_2053
1827,1954652,1955017,SP_RS10385,SP_RS10385,SP_2054
1828,1955168,1956226,SP_RS10390,SP_RS10390,SP_2055
1829,1956389,1957540,nagA,SP_RS10395,SP_2056
1830,1957693,1959510,SP_RS10400,SP_RS10400,SP_2057
1831,1959608,1960750,tgt,SP_RS10405,SP_2058
1832,1960880,1961737,SP_RS10410,SP_RS10410,SP_2059
1833,1961765,1962409,pcp,SP_RS10415,SP_2060
1834,1962516,1962875,SP_RS10420,SP_RS10420,SP_2061
1835,1962886,1963311,SP_RS10425,SP_RS10425,SP_2062
1836,1963634,1964746,SP_RS10430,SP_RS10430,SP_2063
1837,1964912,1965532,SP_RS10435,SP_RS10435,SP_2064
1838,1965536,1966816,SP_RS10440,SP_RS10440,SP_2065
1839,1966877,1968361,SP_RS10445,SP_RS10445,SP_2066
1840,1968437,1969714,SP_RS10450,SP_RS10450,SP_2067
1841,1969821,1969904,SP_RS10455,SP_RS10455,SP_2284
1842,1969914,1969985,SP_RS10460,SP_RS10460,SP_2285
1843,1969996,1970068,SP_RS10465,SP_RS10465,SP_2286
1844,1970083,1970153,SP_RS10470,SP_RS10470,SP_2287
1845,1970158,1970238,SP_RS10475,SP_RS10475,SP_2288
1846,1970251,1970323,SP_RS10480,SP_RS10480,SP_2289
1847,1970327,1970400,SP_RS10485,SP_RS10485,SP_2290
1848,1970411,1970500,SP_RS10490,SP_RS10490,SP_2291
1849,1970583,1970656,SP_RS10495,SP_RS10495,SP_2292
1850,1970691,1970761,SP_RS10500,SP_RS10500,SP_2293
1851,1970767,1970839,SP_RS10505,SP_RS10505,SP_2294
1852,1970844,1970959,rrf,SP_RS10510,SP_rrnaB5S
1853,1971036,1973937,SP_RS10515,SP_RS10515,SP_rrnaB23S
1854,1974062,1974134,SP_RS10520,SP_RS10520,SP_2295
1855,1974186,1975731,SP_RS10525,SP_RS10525,SP_rrnaB16S
1856,1975986,1976057,SP_RS10530,SP_RS10530,SP_2296
1857,1976179,1976613,SP_RS10535,SP_RS10535,SP_2068
1858,1976627,1978087,SP_RS10540,SP_RS10540,SP_2069
1859,1978211,1979560,SP_RS10545,SP_RS10545,SP_2070
1860,1979547,1979726,SP_RS10550,SP_RS10550,SP_2071
1861,1979730,1980419,SP_RS10555,SP_RS10555,SP_2072
1862,1980558,1982324,patB,SP_RS10560,SP_2073
1863,1983116,1984810,patA,SP_RS10570,SP_2075
1864,1987541,1987987,argR,SP_RS10580,SP_2077
1865,1988123,1989814,SP_RS10585,SP_RS10585,SP_2078
1866,1990672,1991157,SP_RS10595,SP_RS10595,SP_2081
1867,1991241,1991948,SP_RS10600,SP_RS10600,SP_2082
1868,1991949,1993280,SP_RS10605,SP_RS10605,SP_2083
1869,1993447,1994322,SP_RS10610,SP_RS10610,SP_2084
1870,1994440,1995303,pstC,SP_RS10615,SP_2085
1871,1995296,1996111,pstA,SP_RS10620,SP_2086
1872,1996113,1996865,pstB,SP_RS10625,SP_2087
1873,1996880,1997530,phoU,SP_RS10630,SP_2088
1874,1997598,1998023,SP_RS10635,SP_RS10635,SP_2089
1875,1998790,1999806,SP_RS10645,SP_RS10645,SP_2091
1876,1999828,2000727,galU,SP_RS10650,SP_2092
1877,2001145,2002086,SP_RS10655,SP_RS10655,SP_2093
1878,2002387,2003064,SP_RS10665,SP_RS10665,SP_2094
1879,2003048,2003587,SP_RS10670,SP_RS10670,SP_2095
1880,2003599,2004729,SP_RS10675,SP_RS10675,SP_2096
1881,2004797,2005495,dapD,SP_RS10680,SP_2097
1882,2005725,2006636,SP_RS10685,SP_RS10685,SP_2098
1883,2006701,2009166,pbp1b,SP_RS10690,SP_2099
1884,2009308,2010564,SP_RS10695,SP_RS10695,SP_2100
1885,2010642,2012705,SP_RS10700,SP_RS10700,SP_2101
1886,2012707,2012985,SP_RS10705,SP_RS10705,SP_2102
1887,2013137,2013985,SP_RS10710,SP_RS10710,SP_2103
1888,2014784,2015356,SP_RS10725,SP_RS10725,SP_2105
1889,2016399,2018657,glgP,SP_RS10735,SP_2106
1890,2018683,2020200,malQ,SP_RS10740,SP_2107
1891,2020750,2022021,SP_RS10745,SP_RS10745,SP_2108
1892,2022132,2023424,SP_RS10750,SP_RS10750,SP_2109
1893,2023426,2024268,SP_RS10755,SP_RS10755,SP_2110
1894,2024521,2025321,SP_RS10760,SP_RS10760,SP_2111
1895,2025331,2026317,SP_RS10765,SP_RS10765,SP_2112
1896,2026609,2027550,SP_RS10775,SP_RS10775,SP_2113
1897,2027528,2029291,aspS,SP_RS10780,SP_2114
1898,2029643,2029873,SP_RS10790,SP_RS10790,SP_2115
1899,2029891,2030532,SP_RS10795,SP_RS10795,SP_2116
1900,2030544,2031224,SP_RS10800,SP_RS10800,SP_2117
1901,2031280,2031477,SP_RS10805,SP_RS10805,SP_2118
1902,2031477,2031683,SP_RS10810,SP_RS10810,SP_2119
1903,2031693,2032007,SP_RS10815,SP_RS10815,SP_2120
1904,2032160,2032378,SP_RS13195,SP_RS13195,NA
1905,2032438,2033727,SP_RS10825,SP_RS10825,SP_2121
1906,2033805,2035052,SP_RS10830,SP_RS10830,SP_2122
1907,2036217,2036558,SP_RS10840,SP_RS10840,SP_2125
1908,2036860,2038563,ilvD,SP_RS10850,SP_2126
1909,2038796,2039728,SP_RS10855,SP_RS10855,SP_2127
1910,2039725,2040582,SP_RS10860,SP_RS10860,SP_2128
1911,2040586,2041932,SP_RS10865,SP_RS10865,SP_2129
1912,2041945,2042229,SP_RS10870,SP_RS10870,SP_2130
1913,2042233,2044263,SP_RS10875,SP_RS10875,SP_2131
1914,2044455,2045462,SP_RS10880,SP_RS10880,SP_2132
1915,2045465,2045665,SP_RS10885,SP_RS10885,SP_2133
1916,2045817,2045999,rpmF,SP_RS10890,SP_2134
1917,2046015,2046164,rpmG,SP_RS10895,SP_2135
1918,2046656,2048521,pcpA,SP_RS10900,SP_2136
1919,2048856,2049038,SP_RS10905,SP_RS10905,NA
1920,2048983,2049796,SP_RS12505,SP_RS12505,NA
1921,2049848,2050210,SP_RS10920,SP_RS10920,SP_2139
1922,2050211,2050420,SP_RS12945,SP_RS12945,SP_2140
1923,2050572,2052452,SP_RS10925,SP_RS10925,SP_2141
1924,2052446,2053315,SP_RS10930,SP_RS10930,SP_2142
1925,2053398,2056043,SP_RS10935,SP_RS10935,SP_2143
1926,2056134,2057414,SP_RS10940,SP_RS10940,SP_2144
1927,2057586,2059670,SP_RS10945,SP_RS10945,SP_2145
1928,2059710,2061389,SP_RS10950,SP_RS10950,SP_2146
1929,2062144,2063373,arcA,SP_RS10955,SP_2148
1930,2063431,2064447,argF,SP_RS10960,SP_2150
1931,2064612,2065559,arcC,SP_RS10965,SP_2151
1932,2065768,2067279,SP_RS10970,SP_RS10970,SP_2152
1933,2067301,2068632,SP_RS10975,SP_RS10975,SP_2153
1934,2069316,2069567,SP_RS10990,SP_RS10990,NA
1935,2069966,2070850,SP_RS11000,SP_RS11000,SP_2156
1936,2070995,2072146,SP_RS11005,SP_RS11005,SP_2157
1937,2072292,2074058,SP_RS11010,SP_RS11010,SP_2158
1938,2074141,2077257,SP_RS11015,SP_RS11015,SP_2159
1939,2077267,2079561,SP_RS11020,SP_RS11020,SP_2160
1940,2079620,2080420,SP_RS11025,SP_RS11025,SP_2161
1941,2080417,2081190,SP_RS11030,SP_RS11030,SP_2162
1942,2081215,2081685,SP_RS11035,SP_RS11035,SP_2163
1943,2081676,2082107,SP_RS11040,SP_RS11040,SP_2164
1944,2082097,2082540,SP_RS11045,SP_RS11045,SP_2165
1945,2082552,2083190,SP_RS11050,SP_RS11050,SP_2166
1946,2083305,2084708,SP_RS11055,SP_RS11055,SP_2167
1947,2084884,2085657,SP_RS11060,SP_RS11060,SP_2168
1948,2086817,2088322,adcA,SP_RS11065,SP_2169
1949,2088332,2089138,SP_RS11070,SP_RS11070,SP_2170
1950,2089131,2089835,SP_RS11075,SP_RS11075,SP_2171
1951,2089835,2090275,adcR,SP_RS11080,SP_2172
1952,2090430,2091698,dltD,SP_RS11085,SP_2173
1953,2091691,2091930,dltC,SP_RS11090,SP_2174
1954,2091944,2093188,dltB,SP_RS11095,SP_2175
1955,2093185,2094735,dltA,SP_RS11100,SP_2176
1956,2094756,2094887,SP_RS11105,SP_RS11105,SP_2177
1957,2095201,2095473,SP_RS11110,SP_RS11110,SP_2178
1958,2095739,2097085,SP_RS11115,SP_RS11115,SP_2179
1959,2100871,2101458,SP_RS11145,SP_RS11145,SP_2182
1960,2101545,2101748,SP_RS11150,SP_RS11150,SP_2183
1961,2102045,2102749,SP_RS11155,SP_RS11155,SP_2184
1962,2102819,2104645,glpO,SP_RS11160,SP_2185
1963,2104687,2106195,glpK,SP_RS11165,SP_2186
1964,2106354,2107781,SP_RS11170,SP_RS11170,SP_2187
1965,2107946,2108818,hslO,SP_RS11175,SP_2188
1966,2108805,2109785,dusB,SP_RS11180,SP_2189
1967,2110015,2112096,cbpA,SP_RS11185,SP_2190
1968,2112175,2112702,SP_RS11190,SP_RS11190,SP_2191
1969,2112785,2114116,hk06,SP_RS11195,SP_2192
1970,2114113,2114766,rr06,SP_RS11200,SP_2193
1971,2115408,2117840,SP_RS11210,SP_RS11210,SP_2194
1972,2117842,2118300,SP_RS11215,SP_RS11215,SP_2195
1973,2118419,2119147,SP_RS11220,SP_RS11220,SP_2196
1974,2119147,2120154,SP_RS11225,SP_RS11225,SP_2197
1975,2120193,2120951,SP_RS11230,SP_RS11230,SP_2198
1976,2120914,2121204,SP_RS11235,SP_RS11235,SP_2199
1977,2121460,2122806,cbpD,SP_RS11240,SP_2201
1978,2122895,2123161,SP_RS11245,SP_RS11245,SP_2202
1979,2123163,2124515,dnaB,SP_RS11250,SP_2203
1980,2124559,2125011,rplI,SP_RS11255,SP_2204
1981,2125008,2126981,SP_RS11260,SP_RS11260,SP_2205
1982,2127117,2127665,raiA,SP_RS11265,SP_2206
1983,2127745,2128407,SP_RS11270,SP_RS11270,SP_2207
1984,2128404,2129702,SP_RS11275,SP_RS11275,SP_2208
1985,2129758,2130393,SP_RS11280,SP_RS11280,SP_2209
1986,2130642,2131562,cysK,SP_RS11285,SP_2210
1987,2131759,2132157,SP_RS11290,SP_RS11290,SP_2211
1988,2132576,2132899,tnpB,SP_RS11300,SP_2213
1989,2133145,2134185,SP_RS11305,SP_RS11305,SP_2214
1990,2134264,2135043,rpsB,SP_RS11310,SP_2215
1991,2135267,2136445,SP_RS11315,SP_RS11315,SP_2216
1992,2136539,2137033,mreD,SP_RS11320,SP_2217
1993,2137033,2137851,mreC,SP_RS11325,SP_2218
1994,2137910,2138704,SP_RS11330,SP_RS11330,SP_2219
1995,2138697,2139536,SP_RS11335,SP_RS11335,SP_2220
1996,2139521,2140348,SP_RS11340,SP_RS11340,SP_2221
1997,2140345,2140890,pgsA,SP_RS11345,SP_2222
1998,2140901,2141722,SP_RS11350,SP_RS11350,SP_2223
1999,2141764,2143047,SP_RS11355,SP_RS11355,SP_2224
2000,2143044,2144294,SP_RS11360,SP_RS11360,SP_2225
2001,2144453,2144821,yaaA,SP_RS11365,SP_2226
2002,2144824,2145921,recF,SP_RS11370,SP_2227
2003,2145972,2147450,guaB,SP_RS11375,SP_2228
2004,2147602,2148627,trpS,SP_RS11380,SP_2229
2005,2148833,2150455,SP_RS11385,SP_RS11385,SP_2230
2006,2150517,2153069,SP_RS11390,SP_RS11390,SP_2231
2007,2153170,2153484,SP_RS11395,SP_RS11395,NA
2008,2153574,2153849,SP_RS11400,SP_RS11400,NA
2009,2153934,2154701,SP_RS11405,SP_RS11405,SP_2233
2010,2154880,2155422,SP_RS11410,SP_RS11410,SP_2234
2011,2155463,2155536,SP_RS11415,SP_RS11415,SP_2297
2012,2155542,2155613,SP_RS11420,SP_RS11420,SP_2298
2013,2155665,2156417,SP_RS11425,SP_RS11425,SP_2235
2014,2156414,2157739,SP_RS11430,SP_RS11430,SP_2236
2015,2157760,2157885,comC,SP_RS11435,SP_2237
2016,2158050,2158123,SP_RS11440,SP_RS11440,SP_2299
2017,2158167,2158646,rlmH,SP_RS11445,SP_2238
2018,2158829,2160010,SP_RS11450,SP_RS11450,SP_2239
2019,2160068,2160826,SP_RS11455,SP_RS11455,SP_2240