"","gen","CeNdL2","CeM0L1","LeNdL1","LeNdL2","LeNdL3","CeM0L2","CeN0L3","CeNdL1","LiM0L1","CeNdL3","CeM0L3","LeM0L1","CeN0L1","LeM0L2","CeN0L2","LiM0L2","LeM0L3","LiM0L3","LeN0L1","LiN0L1","LeN0L2","LiN0L2","LiN0L3","LeN0L3","LiNdL1","LiNdL2","LiNdL3","MeM0L1","PeN0L2","MeM0L2","PeN0L3","PeNdL1","PeNdL2","PeNdL3","RiM0L1","RiM0L2","AzM0L1","AzM0L2","AzM0L3","PeM0L1","PeM0L2","PeM0L3","AzN0L1","PeN0L1","AzN0L2","AzN0L3","AzNdL1","AzNdL2","CiM0L2","MeM0L3","AzNdL3","MeN0L1","MeN0L2","MeN0L3","MeNdL1","MeNdL2","CiM0L1","MeNdL3","CiM0L3","RiM0L3","CiN0L1","RiN0L1","CiN0L2","CiN0L3","CiNdL1","CiNdL2","CiNdL3","RiN0L2","ImM0L1","RiN0L3","ImM0L2","ImM0L3","ImN0L2","RiNdL1","RiNdL2","ImN0L3","RiNdL3","ImNdL1","ImNdL2","ImNdL3","VaM0L1","VaM0L2","VaM0L3","VaN0L1","VaN0L2","VaN0L3","VaNdL1","VaNdL2","VaNdL3","ImN0L1"
"1","10",4198.8,4206.7,4027.1,3642.4,4148.4,4416,3822.4,3717,3887.4,NA,5662.6,3673.6,5759,4175.3,4579,NA,4603.4,4066.5,4042.9,3715.1,3774.6,3795,3627.2,3728.9,4009.1,4448.4,4245.4,3975.4,3855.7,4081.3,4057.1,4170.6,5345,12434.7,3919.8,4063.6,NA,3903.7,3868,NA,NA,4311,4015.4,4029.2,4030,4025.8,4454.9,3414.5,4204.6,3826.1,3942.9,3817.7,4253.4,3967.4,4441.3,4823.6,NA,4010.5,4613.1,3800.1,3981.5,4130.3,4119.8,4232,4199.3,4962.8,4229.4,3793.1,4086.3,4093.1,4296.6,4160.4,3943.5,3890.8,4216.7,4461.6,4743.1,4561.7,4140.6,4118.8,4160.1,3993.2,NA,3775.5,4056.7,3830.1,4028.8,4098.3,11122.5,4521.4
"2","0",51719.2,7523.4,3559.7,3532.6,3538.4,3496.4,4135.3,3367.8,3689.5,3423.4,3528.8,3658.9,7053.7,3515.3,5166.4,3707.4,3520.5,3733.8,3669.3,3625.5,3656.7,3539,3473.4,3527.5,3728,3516.5,3487.8,3501.3,3423.9,3268.9,3583.4,3526.7,3925.8,3588.8,4510.5,3781.6,NA,3623.2,3596,3723.2,3469.6,3500.5,3642,3448.6,3786.4,3616,NA,3711.8,3853.7,3034.8,3658.8,NA,NA,3396.9,3399.7,3733.9,3640.9,3336.9,3478.9,3283.3,4567.7,3841.1,3706.8,4071,NA,3643.2,3757.1,3445.7,3755.8,3491.1,3624.3,3645.6,4329.6,3276.9,3732.7,4449.5,NA,3673.8,3493.8,3490.8,11283.1,10553.8,10349.7,11585.1,10093.5,14851,3846.1,3848.4,3629.8,6473.7
"3","01",3540.9,3863.6,3623.9,3500.1,3617.3,3453.9,4625.4,3673.7,3668.2,3553.9,4505.5,3528.5,3638.9,3635.6,6771.3,3557.2,3580.1,3674.7,3544.7,3558.4,3559.7,3608,3544.1,4505.1,3521.7,3498.3,3680.3,3499,3892,3496,3537.6,3858.9,4236.7,3475.8,3619.7,3887.1,NA,3749.2,3653.7,3507.7,4093.7,3934.8,3731.6,4050.9,4332.5,3642.4,3707.9,3621.2,3683.3,3605.6,3413.8,3580.8,3780.1,3966.3,3642.4,3650.5,3690.9,3886.5,3766.8,3570.9,4136.5,3703.3,4538.6,4073.1,3965,3630.4,NA,3649.5,3665.3,3759.6,3561.5,3220.3,3898,3805.9,3578.9,3817.8,3537.8,3751.6,NA,NA,3450.7,3613.9,3564.8,4499.3,4196.3,4631.5,4066.6,4160.4,3582.4,7206.8
"4","15",4472,4803.1,4535.1,4917.2,4791.5,4568.2,4413.2,4449.6,4699.4,5083.9,4951.3,4099.9,4787.4,4418.9,4854.5,5054.7,4135.4,5258.5,4631.1,4960.8,4775.1,4952.1,3984.5,4740.1,3973.9,4636.2,4303.6,NA,NA,NA,NA,NA,NA,NA,NA,NA,NA,NA,NA,NA,NA,NA,NA,NA,NA,NA,NA,NA,NA,NA,NA,NA,NA,NA,NA,NA,NA,NA,NA,NA,NA,NA,NA,NA,NA,NA,NA,NA,NA,NA,NA,NA,NA,NA,NA,NA,NA,NA,NA,NA,NA,NA,NA,NA,NA,NA,NA,NA,NA,NA
"5","16",5148.8,5460.2,4758,4705.6,4848,5446.2,5292.3,5169.9,4838.7,5266.9,5509.9,4535.2,4728.8,4120.7,4881.6,4547,5017.6,4332.3,NA,4157,4321.1,3877.4,4131.1,4268.4,4288.2,4155.8,6055.7,NA,NA,NA,NA,NA,NA,NA,NA,NA,NA,NA,NA,NA,NA,NA,NA,NA,NA,NA,NA,NA,NA,NA,NA,NA,NA,NA,NA,NA,NA,NA,NA,NA,NA,NA,NA,NA,NA,NA,NA,NA,NA,NA,NA,NA,NA,NA,NA,NA,NA,NA,NA,NA,NA,NA,NA,NA,NA,NA,NA,NA,NA,NA
"6","17",4858.3,3909.9,4304.6,4042.2,4157.7,4015.3,4125.5,4200.9,4300.2,4193,4326.2,3661.3,4250.5,3727.2,4445.7,4102.8,3882.9,5880.2,4975,3745.3,3609.3,3629.8,3718.7,3655.4,4194.8,4563.8,4459.5,NA,NA,NA,NA,NA,NA,NA,NA,NA,NA,NA,NA,NA,NA,NA,NA,NA,NA,NA,NA,NA,NA,NA,NA,NA,NA,NA,NA,NA,NA,NA,NA,NA,NA,NA,NA,NA,NA,NA,NA,NA,NA,NA,NA,NA,NA,NA,NA,NA,NA,NA,NA,NA,NA,NA,NA,NA,NA,NA,NA,NA,NA,NA
"7","18",6972.9,4445.3,6597.2,5401.6,4159.6,4080.3,4513.1,6060.4,7321.2,6679.7,5378.6,4013,4677.6,4081.9,4394,4604.9,3865.9,7321.5,6874.6,4681,6568.6,3925.9,5030.5,4869.9,6323.7,4772.3,5399,NA,NA,NA,NA,NA,NA,NA,NA,NA,NA,NA,NA,NA,NA,NA,NA,NA,NA,NA,NA,NA,NA,NA,NA,NA,NA,NA,NA,NA,NA,NA,NA,NA,NA,NA,NA,NA,NA,NA,NA,NA,NA,NA,NA,NA,NA,NA,NA,NA,NA,NA,NA,NA,NA,NA,NA,NA,NA,NA,NA,NA,NA,NA
"8","02",NA,13596.8,3724,3668,3691.2,3611.6,3470.4,3874.3,10070.8,3901.7,3565.8,3578.6,18752.3,3639.2,3456.3,3643.2,3543.2,3535.6,3802.9,3626.6,3568.6,3747.2,3645.7,3527,NA,3385.5,3746.6,3705.4,3867.5,3293,3971.1,NA,3848.6,3762.3,3344.1,3581.1,3971.1,4960.3,3814.3,4038.6,3642.5,3521,3792.8,3688.1,4126,4078.7,3321.9,3737.6,4255.7,3336,3686,NA,NA,3274.6,4020.2,3242.7,4776.9,3405.4,NA,3469.4,4949.2,3639.5,4011.4,NA,NA,NA,3976.1,3431.2,3801.4,NA,3981.7,4038.2,4048.2,3473.5,3652.4,3877.5,3521.6,3871.1,3673.4,NA,3763.9,3904.5,3811.7,3688.2,3771.2,3614.2,3853.6,3434.9,4023.4,5587
"9","22",6449,6061,10053.7,5957,6029,NA,4571.5,4528.4,4742,5261.1,6130.9,6005.5,5243.2,5113.1,5575.7,6832.5,5728.2,6353.6,5654.8,5492.2,6652.3,5637.5,4961,5630.6,7902.1,5365.7,6275.3,NA,NA,NA,NA,NA,NA,NA,NA,NA,NA,NA,NA,NA,NA,NA,NA,NA,NA,NA,NA,NA,NA,NA,NA,NA,NA,NA,NA,NA,NA,NA,NA,NA,NA,NA,NA,NA,NA,NA,NA,NA,NA,NA,NA,NA,NA,NA,NA,NA,NA,NA,NA,NA,NA,NA,NA,NA,NA,NA,NA,NA,NA,NA
"10","23",7190.1,7553.3,5609.1,5872,5397.2,7122.5,5288.2,6682.8,5079.2,5123.6,8237.4,4026.5,6795,4360.7,6199,5770.5,5040.3,5591.3,4833.8,4047.5,4202.9,4360.5,5367.7,3883.2,4967.3,5995.4,4265.5,NA,NA,NA,NA,NA,NA,NA,NA,NA,NA,NA,NA,NA,NA,NA,NA,NA,NA,NA,NA,NA,NA,NA,NA,NA,NA,NA,NA,NA,NA,NA,NA,NA,NA,NA,NA,NA,NA,NA,NA,NA,NA,NA,NA,NA,NA,NA,NA,NA,NA,NA,NA,NA,NA,NA,NA,NA,NA,NA,NA,NA,NA,NA
"11","25",7130,6840.4,5620,4650.3,4328.8,7168.1,4711.2,5004.6,6200.1,6375.5,7759.6,3949.9,5915.9,5156.2,4609.2,6933.9,3909.4,5998.7,4843.8,3796.9,5849.1,4790.6,4390.2,4432.5,4619.8,5938.8,4264.2,NA,NA,NA,NA,NA,NA,NA,NA,NA,NA,NA,NA,NA,NA,NA,NA,NA,NA,NA,NA,NA,NA,NA,NA,NA,NA,NA,NA,NA,NA,NA,NA,NA,NA,NA,NA,NA,NA,NA,NA,NA,NA,NA,NA,NA,NA,NA,NA,NA,NA,NA,NA,NA,NA,NA,NA,NA,NA,NA,NA,NA,NA,NA
"12","26",6852.9,6184.6,5985.6,7380.2,4623.5,7480.1,6477.2,5582.7,6613.2,7362.8,4895.1,5848.8,4444.8,5620.4,6760.4,5434.6,4717.4,4536.1,4134,4663.9,5005.5,4625.1,5877.6,3884,4637.9,6104.9,5631.4,NA,NA,NA,NA,NA,NA,NA,NA,NA,NA,NA,NA,NA,NA,NA,NA,NA,NA,NA,NA,NA,NA,NA,NA,NA,NA,NA,NA,NA,NA,NA,NA,NA,NA,NA,NA,NA,NA,NA,NA,NA,NA,NA,NA,NA,NA,NA,NA,NA,NA,NA,NA,NA,NA,NA,NA,NA,NA,NA,NA,NA,NA,NA
"13","27",4707.5,5793.9,4597.9,4535.9,4589.1,5272.6,7475.8,6165.9,7041,NA,5513.3,4418.4,6532.7,5340.4,7609.5,7765,4071.9,7621.2,4862.3,4750.1,4448.4,5613.8,4278.8,5642.4,5474.4,4950.8,5211.7,NA,NA,NA,NA,NA,NA,NA,NA,NA,NA,NA,NA,NA,NA,NA,NA,NA,NA,NA,NA,NA,NA,NA,NA,NA,NA,NA,NA,NA,NA,NA,NA,NA,NA,NA,NA,NA,NA,NA,NA,NA,NA,NA,NA,NA,NA,NA,NA,NA,NA,NA,NA,NA,NA,NA,NA,NA,NA,NA,NA,NA,NA,NA
"14","28",5978.6,5510.7,7851.7,4730.2,6177.8,6813.4,7901.3,6379.9,8946.6,6659.4,4472.6,3992.8,7248.5,7281.4,6696.3,8791.4,4365.1,8498,5592.9,6556.8,6041.3,5516.9,8539.1,6002.3,5555.3,7996.2,7984.6,NA,NA,NA,NA,NA,NA,NA,NA,NA,NA,NA,NA,NA,NA,NA,NA,NA,NA,NA,NA,NA,NA,NA,NA,NA,NA,NA,NA,NA,NA,NA,NA,NA,NA,NA,NA,NA,NA,NA,NA,NA,NA,NA,NA,NA,NA,NA,NA,NA,NA,NA,NA,NA,NA,NA,NA,NA,NA,NA,NA,NA,NA,NA
"15","24",5267.6,NA,6357.3,NA,5920.9,5597.3,5979.7,5104.9,7139.5,5024.3,5547.1,5627.5,6697,4690.4,6710.5,6694.7,5876.8,5872.2,4747.6,5887,5612.3,6167.7,5931.9,5652.7,4356.3,6233.9,5414.7,NA,NA,NA,NA,NA,NA,NA,NA,NA,NA,NA,NA,NA,NA,NA,NA,NA,NA,NA,NA,NA,NA,NA,NA,NA,NA,NA,NA,NA,NA,NA,NA,NA,NA,NA,NA,NA,NA,NA,NA,NA,NA,NA,NA,NA,NA,NA,NA,NA,NA,NA,NA,NA,NA,NA,NA,NA,NA,NA,NA,NA,NA,NA
"16","29",7907.7,NA,5444.6,5111,5710.3,9879.3,9001.5,7590.2,NA,6320.4,8007.1,6659.2,8449,6194.3,5961.9,6383.7,7457.5,7979.1,6244.9,4836,6014.9,5361.5,5567.4,4549.4,6425.6,5456.2,4964.3,NA,NA,NA,NA,NA,NA,NA,NA,NA,NA,NA,NA,NA,NA,NA,NA,NA,NA,NA,NA,NA,NA,NA,NA,NA,NA,NA,NA,NA,NA,NA,NA,NA,NA,NA,NA,NA,NA,NA,NA,NA,NA,NA,NA,NA,NA,NA,NA,NA,NA,NA,NA,NA,NA,NA,NA,NA,NA,NA,NA,NA,NA,NA
"17","03",16423.3,16852,9239.3,8923.4,4503.1,13648.8,10220.6,NA,9957.7,12177.1,14422.7,17392.9,4305.6,6972.3,15503.9,NA,3603.7,10976.3,7164.9,3482.9,3787,3597.8,3586.3,4486.5,6680,3710.1,5214.5,3622,3722.7,3328.1,3432.9,NA,NA,3722,3686.4,3570.5,3917.3,3870.7,3656.1,4523.6,3201.9,4688.3,4153.1,3611.8,4166.6,3880,3827.8,3794.1,5220.7,3651,3561.2,3447.2,3451,3648,4204,NA,5178.6,4022.5,4654.8,3754,4618.4,3812.8,NA,3998.1,NA,3818.5,3694.8,3586.2,3774.1,3704.5,3831.5,3931.8,4753.4,3448,3568.9,3895.9,NA,3962.9,4015.2,3621.4,3633.3,3880.3,3937.6,3649.3,3802.6,3749.2,NA,3233.8,NA,4866.2
"18","04",14816,19202.4,11404.2,NA,NA,14429.3,4743.1,15295.9,3830.4,14710,15228.4,6000.2,7994.5,11772.8,4336.4,3679.6,8914.5,3817.4,3776.9,NA,3777.5,NA,NA,4247.2,3918.2,4205.6,3707.7,4465.6,3382.5,NA,3640.8,NA,NA,NA,3894.1,3722.1,3388.1,4065.7,4888.9,4141.2,NA,4703.7,3807.4,3794.9,3730.7,NA,NA,3249.4,NA,3526.6,3956.6,4120.6,NA,4925.7,NA,3530.8,NA,NA,NA,3589.5,3868.5,3896.2,4694.3,4020.7,3849,NA,3751.5,3660.3,3889.1,3696.8,3989.5,3843.1,4573.6,3877.1,4342.8,3963.7,4308.2,NA,3592.6,NA,3674.3,3838.1,3453.6,3821.5,3664,3673.8,4743,NA,4026.9,4840.2
"19","05",14924.5,17798.5,3780.5,4890.9,3676.8,23121.6,7102.6,14697.7,9658.6,15631.8,18396.3,4942.4,9308.3,3618.1,4328.4,12501.7,4031.5,11489.8,3928.5,NA,3668.1,3819.3,3784.3,10593.5,7244.4,3762.6,3572.6,NA,4981.9,4514.6,3933.9,NA,4047.2,NA,3983.2,4056.6,4057.8,4523.6,4180,6450.6,4888.1,5501.5,3711.5,3866,NA,4155.4,NA,3732.5,4197.1,17696.2,4474,3912.7,3616.1,NA,5191,3994.7,6212.5,10422.6,4440.2,3675.7,5048.2,3733.7,4679,5834.2,4936.5,4216.5,3808.4,3806.1,4375.7,3747.5,4441.2,4295.4,4566.6,4695.9,5124.6,4450.2,3806.1,4485.5,4079.9,3885.5,5972.8,6392.3,4735.9,3733.8,3763.9,3773,3779.7,3788,4038.6,4081.5
"20","06",4169.1,13449,7573.5,3738.8,3878.6,10106,13396.1,14365.1,18201.6,14792.5,14062.8,16592.2,12109.8,15835.1,12990,16925.4,4631.7,14878.3,20250.7,3738.1,3678.1,14408,9731.3,14823.7,15772.3,4030.6,4053.2,4702.1,3808.8,4430.7,3837.3,NA,7280,3998.8,8606.7,7892,4922.2,4057,4484.5,NA,5796.7,4061.7,4796.3,3937.2,NA,5067.1,NA,3848.2,4563,5226.3,4253.1,3621.9,3959,3747.8,4411.8,4420.1,5123.5,4075.8,3991.7,NA,4011.2,3849.6,4237.8,5722,4839.8,3847.7,4026.6,3975,4294.3,3992,4004.1,4420.4,5753.5,4052.3,NA,3930.6,4039.7,3932,4383.9,3940.4,5087.8,4064.6,4083.1,3985.1,3876.2,3781.1,4196.3,NA,4171.4,4019.4
"21","07",4085.4,4053.8,13664.9,10311.4,12795.2,11404.2,3675,13420.6,3922.4,3805.5,4387.1,12205.2,4007.2,14483.6,3783.9,3689.4,10331.6,3888.6,16576.6,10377.1,3900.4,13057.9,12887,19865.6,NA,3749.9,3822.1,4741.7,3795.4,9833,7431.3,3387.1,5850.1,9018.7,4988,11073.6,4717.5,4309.4,4428.1,NA,4179,7663.7,4316.4,3996.4,NA,4690.3,3870.1,3858.5,4896.6,13195.4,4071.5,5177.8,10493.8,6357.7,4523,7207.5,5763.7,8772.6,4836.6,5350.5,4197.6,3915.2,4494.7,4348.2,4682.2,5220.7,4562.4,4770.2,4478,4040,3971.3,4346.6,4064.9,3916,3856.8,3937,4017.5,4065.2,4345.1,4692.9,3879.2,NA,3683.9,NA,3696.4,3786.7,NA,3816.1,4005.6,4372.9
"22","08",3902.6,3985.9,3940.2,3774.3,3891.6,3991.1,3845.5,3792.2,3917.8,3546.7,3867.4,3679.2,3949.3,3712.2,3993,3802.4,3958.6,3912.7,3915.3,3613,3663.1,3799.2,3802.2,3777.5,3905.3,4910.7,4158.1,4171.9,4078.9,4747.7,4197.8,NA,4444.5,4554.1,3838.1,3905.8,4787.7,4017.1,4160.8,4294.5,NA,6387.9,4028.2,4286.7,NA,5419.5,3982.1,3889.7,4380.1,7780.4,4112.9,3765.7,3764.8,4655.6,4815.2,4704.5,4272.2,4270.1,4078.1,4583.8,3941.7,3718,NA,5016,4284,4780,4011.4,4009.7,4020.8,3931.3,3960,4736.4,4029.6,3845.4,3858.9,4013.3,3969.1,4100.5,4855.4,4474.4,5199.7,5597.8,4037.7,3997.5,3792.8,6029,3782.2,3953.3,5672.9,4528.9
"23","09",NA,4736.8,3937.8,3653.9,4156.3,3908.1,3899.7,NA,3924.9,3618.7,4722.8,3716.2,4136.3,3919,5002.6,3860.5,3708,3865.9,3911,3716.4,3731.2,5185.5,3848,4333.5,NA,3919.3,4731.4,3802,3707.9,3996.7,4035.5,NA,NA,NA,3848.6,3896.3,4317.5,NA,4047,3936.8,NA,4190.7,3863.7,4020.8,NA,6201.7,4130.9,3876.8,4436.5,3788.7,3859.5,3854.7,4415.8,3988.2,NA,4746.7,4883.2,3966.5,NA,3798.4,3887.5,4051.1,4031.2,4263.6,4478.8,4587,4217.7,3814.3,3522.7,3963.1,3929.9,4187.6,3859,3842.3,4003.5,4101.8,4293.5,4553.5,3724.8,4476.4,3586.1,3870.5,4000.7,3720.9,3837.9,3832.7,3907.2,4045.3,3915.5,3833.7
"24","11",4201,4041.3,4279.9,3913.2,4210.2,4061.9,3942.8,NA,4078.4,3773.9,3924,10933.1,4706.3,NA,5111.6,3887.9,6199,3971.3,3904.8,3716.1,3749.4,NA,3368.2,3757.9,4071.2,3907.6,4182.7,4012.1,4005.9,4188.4,4179,4864,4649.2,4406.1,3929.1,3928.6,3663.7,3906.7,3862.7,3814.6,4219.1,4289.3,4108.6,4156.8,NA,3749.3,3903.1,3987.8,4284.3,4005.3,3932.3,NA,4157,NA,4470.1,17268.5,NA,4493,4400.8,3829.1,3798,6878.2,3878.3,3881.8,4377.9,3728.3,4366.7,3910.9,4155.7,3972.2,4307.4,4357.1,3919.9,4722.5,4409.5,3950.6,12787.5,5261.3,NA,4246.4,4295.7,4058.8,4999,3785.3,3797.9,3833.5,4015.7,5341.9,4129,4095.7
"25","12",4331.6,4090.3,4170.8,3701.8,4144.6,3943,3908.3,3617.7,4035,4120.8,3998.7,3659.7,4001.4,8862.4,3959.6,4111.2,8312,4053.2,3953.3,3686.8,3732.1,3803.6,3729.6,3618.6,NA,4120.3,3916.2,NA,NA,NA,NA,NA,5180.7,16145.9,3920.3,3936.7,3694.2,4081.7,4555.3,8618.3,4360.3,4327.1,4045.7,4877.4,4202.8,4045.1,4154.7,4086.5,4199.9,3913.6,4021.6,4624.8,12506,4825.7,NA,5564.7,4464.7,4414.4,4872.3,3839.7,4013.8,7012.7,4047.7,4010,4208.9,NA,4208.7,3825.8,4607.5,3905.2,NA,4371.6,3917.3,4706.2,4534.6,3918.9,33228.6,4901,4130.9,4361.6,4389.8,4107.2,4242.4,3772.8,NA,4484,4187,4254.1,NA,3936.9
"26","13",NA,6903.8,4212,3814.6,4168.3,4034,3768.9,4080.9,4167.2,3681.6,3773.2,3924.3,4097.7,4035.6,4009.4,4061.8,3752.3,4094.4,3974.3,4079.8,3772.7,3794,3745.6,3788.9,3903.3,5265.5,4622,4041.5,4624.6,4560.2,4389.1,14527.9,13838.7,6670.8,3870.2,4114.7,4239.4,4120.9,4107.3,3891.2,4689.4,5934.3,3940.1,4642.1,3837.6,4138.1,4480.3,4291.3,4353.3,4449,4091.2,4031.1,12641.9,4552,4596.3,NA,NA,4067,5325.8,3947.3,3480.1,44153.3,4187,3904,4565.4,4185.4,4320.5,4036.4,4659.5,3927.3,4606.7,5632,4103.1,NA,11293.5,3913.5,4177.8,4723.9,4273.6,4372.7,4414.6,NA,11340.3,3937.3,4204.6,3937.4,4227.8,9434,4455,25453.6
"27","14",4347.2,4100.4,4158.5,3976.5,4086.8,4071,4185.6,3625.8,NA,4741.4,9836.1,3718.2,4600.7,3881.6,4009.4,3642,3793.4,4237.4,3936.9,3985.1,3741.5,3701.6,3862.1,3895,4900.3,4664.3,4431.6,4567.8,4579.4,4432,4129.6,24462.1,6442.8,23313.7,3981.1,5064.2,4134.8,4411.3,4940.7,NA,4942.9,4800.7,4028.3,NA,4158.5,4273.7,4057.4,4054,4240.9,4455.7,4316.4,NA,38894.2,NA,4724.2,17894.2,4383.3,16239.2,4579,4057.5,4019.9,10841.2,4236.6,4079,4419.1,4116.1,4312.5,4588.2,4710.9,4754,4401.4,4460,4082.2,18605,13544.3,4247,5236.1,4344,4357.1,4319.9,4849.8,4340,37603.8,3818.3,4748.1,3943.5,13771,11874.9,4063.8,3894.4
"28","19",4878.5,4217.9,4735.6,4074.9,5146.4,4202.7,4435.9,4610.2,4103.2,4660.7,4501.1,3842.3,4722.8,3882.5,NA,4129.8,4427,4141.2,4244.5,3742,3959.5,3769.6,3862,4577.6,4413.7,4783,4304.6,NA,NA,NA,NA,NA,NA,NA,NA,NA,NA,NA,NA,NA,NA,NA,NA,NA,NA,NA,NA,NA,NA,NA,NA,NA,NA,NA,NA,NA,NA,NA,NA,NA,NA,NA,NA,NA,NA,NA,NA,NA,NA,NA,NA,NA,NA,NA,NA,NA,NA,NA,NA,NA,NA,NA,NA,NA,NA,NA,NA,NA,NA,NA
"29","20",NA,6495.1,7057.6,7372.7,7174.6,7134.3,6010.6,5093.6,6213.7,6031.4,7213.1,3964.4,5177.9,4075.2,4784.7,7048.6,6389,6578.1,4106.7,4614.3,6304.5,6403.6,6652.8,4561.3,4928.3,4332.4,5407.6,NA,NA,NA,NA,NA,NA,NA,NA,NA,NA,NA,NA,NA,NA,NA,NA,NA,NA,NA,NA,NA,NA,NA,NA,NA,NA,NA,NA,NA,NA,NA,NA,NA,NA,NA,NA,NA,NA,NA,NA,NA,NA,NA,NA,NA,NA,NA,NA,NA,NA,NA,NA,NA,NA,NA,NA,NA,NA,NA,NA,NA,NA,NA
"30","21",5990.8,4053.4,5007.1,NA,4597,3918.8,4519.7,4733.3,6291.7,6393.6,4968.8,3610.3,4629.3,4041.3,4591.1,6537.2,3830.5,4359.3,3735.8,3915.8,4710.4,3774.4,5709.2,5531.6,5122.5,4459.9,4368.2,NA,NA,NA,NA,NA,NA,NA,NA,NA,NA,NA,NA,NA,NA,NA,NA,NA,NA,NA,NA,NA,NA,NA,NA,NA,NA,NA,NA,NA,NA,NA,NA,NA,NA,NA,NA,NA,NA,NA,NA,NA,NA,NA,NA,NA,NA,NA,NA,NA,NA,NA,NA,NA,NA,NA,NA,NA,NA,NA,NA,NA,NA,NA
